Date,Open,High,Low,Close,Adj Close,Volume
2012-02-06,18.280001,18.57,18.139999,18.360001,15.547407,107800
2012-02-07,18.280001,18.530001,18.139999,18.219999,15.428848,71700
2012-02-08,18.219999,18.43,17.959999,18.129999,15.352636,91100
2012-02-09,18.219999,18.290001,17.889999,18.049999,15.28489,77300
2012-02-10,17.82,18.129999,17.809999,17.99,15.234081,140900
2012-02-13,18.18,18.18,17.92,18.02,15.25949,110900
2012-02-14,17.99,18.08,17.889999,18.049999,15.28489,115500
2012-02-15,18.1,18.1,17.92,17.959999,15.20868,121100
2012-02-16,17.959999,18.08,17.790001,17.959999,15.20868,137300
2012-02-17,18.02,18.09,17.940001,18.049999,15.28489,142700
2012-02-21,18.139999,18.209999,17.98,18.200001,15.411912,151000
2012-02-22,18.139999,18.190001,18.02,18.15,15.369574,113100
2012-02-23,18.129999,18.469999,18.02,18.459999,15.632078,98400
2012-02-24,18.51,18.540001,18.16,18.18,15.394974,86000
2012-02-27,18.049999,18.48,17.9,18.35,15.53893,142400
2012-02-28,18.5,19.0,17.5,17.82,15.090129,476700
2012-02-29,17.790001,17.790001,17.0,17.290001,14.641319,475200
2012-03-01,17.27,17.27,16.77,16.809999,14.23485,319500
2012-03-02,16.74,16.91,16.440001,16.559999,14.023144,372000
2012-03-05,16.57,16.57,16.190001,16.360001,13.853788,303900
2012-03-06,16.23,16.440001,16.08,16.120001,13.650554,292700
2012-03-07,16.17,16.17,15.89,16.01,13.557397,335700
2012-03-08,16.02,16.35,15.9,16.219999,13.786901,73400
2012-03-09,16.23,16.84,16.23,16.76,14.245894,211000
2012-03-12,16.780001,17.08,16.700001,16.93,14.390394,151900
2012-03-13,16.99,17.120001,16.75,17.09,14.526399,211300
2012-03-14,17.02,17.120001,16.780001,16.860001,14.330899,161500
2012-03-15,16.879999,16.959999,16.620001,16.93,14.390394,178100
2012-03-16,17.0,17.049999,16.84,17.02,14.466897,242600
2012-03-19,17.040001,17.43,17.01,17.07,14.509396,183700
2012-03-20,16.950001,17.52,16.950001,17.35,14.747395,139900
2012-03-21,17.379999,17.379999,16.969999,17.049999,14.492392,106400
2012-03-22,16.9,17.17,16.77,17.17,14.594392,192900
2012-03-23,17.18,17.719999,17.01,17.719999,15.061889,185000
2012-03-26,17.889999,18.120001,17.73,17.889999,15.206389,263700
2012-03-27,17.93,18.17,17.92,17.92,15.231893,150700
2012-03-28,17.91,18.129999,17.809999,18.120001,15.401891,178500
2012-03-29,17.98,17.98,17.74,17.93,15.24039,107100
2012-03-30,18.049999,18.049999,17.59,17.709999,15.053391,256600
2012-04-02,17.709999,17.969999,17.57,17.809999,15.13839,166100
2012-04-03,17.82,18.049999,17.639999,17.809999,15.13839,183500
2012-04-04,17.620001,17.65,17.139999,17.290001,14.696397,183700
2012-04-05,17.209999,17.360001,17.110001,17.120001,14.551896,164700
2012-04-09,16.84,17.01,16.65,16.92,14.381897,162700
2012-04-10,16.860001,16.860001,16.49,16.620001,14.126899,198300
2012-04-11,16.74,16.879999,16.5,16.76,14.245894,172600
2012-04-12,16.75,17.280001,16.75,17.09,14.526399,110100
2012-04-13,17.01,17.129999,16.690001,16.74,14.22889,100400
2012-04-16,16.799999,17.07,16.620001,16.92,14.381897,96200
2012-04-17,17.07,17.5,16.969999,17.209999,14.628396,112000
2012-04-18,17.09,17.1,16.73,16.75,14.237398,106200
2012-04-19,16.879999,16.99,16.639999,16.870001,14.339399,103600
2012-04-20,16.98,17.07,16.889999,17.01,14.458394,137000
2012-04-23,16.75,16.77,16.459999,16.530001,14.050399,129600
2012-04-24,16.540001,16.99,16.52,16.959999,14.415895,130600
2012-04-25,17.120001,17.540001,17.09,17.25,14.662397,206800
2012-04-26,17.25,17.620001,17.24,17.48,14.857896,85600
2012-04-27,17.51,17.68,17.280001,17.459999,14.840891,139100
2012-04-30,17.42,17.530001,17.25,17.32,14.721891,137000
2012-05-01,17.370001,17.92,17.370001,17.469999,14.849392,151700
2012-05-02,17.379999,17.700001,17.18,17.700001,15.044897,117000
2012-05-03,17.65,17.67,17.129999,17.360001,14.755894,204900
2012-05-04,17.219999,17.219999,16.9,17.08,14.517897,134500
2012-05-07,16.99,17.280001,16.790001,17.110001,14.543397,110000
2012-05-08,16.969999,17.73,16.969999,17.65,15.002391,127200
2012-05-09,17.1,17.790001,16.969999,17.040001,14.483896,139000
2012-05-10,17.059999,17.18,16.84,16.889999,14.356399,114500
2012-05-11,16.73,17.030001,16.66,16.9,14.364896,106000
2012-05-14,16.68,16.92,16.6,16.709999,14.203401,125800
2012-05-15,16.74,17.120001,16.74,16.959999,14.415895,99000
2012-05-16,16.959999,17.17,16.709999,16.74,14.22889,109000
2012-05-17,16.700001,16.85,16.65,16.719999,14.211893,123200
2012-05-18,16.68,17.15,16.639999,16.780001,14.314269,247700
2012-05-21,16.870001,17.200001,16.790001,17.049999,14.544589,154800
2012-05-22,17.01,17.25,16.73,17.02,14.518997,204000
2012-05-23,17.200001,17.27,16.889999,17.18,14.655485,246000
2012-05-24,17.190001,17.4,16.85,17.4,14.843161,145700
2012-05-25,17.440001,17.440001,17.209999,17.309999,14.766386,116500
2012-05-29,17.49,17.5,17.17,17.27,14.732259,162900
2012-05-30,17.139999,17.299999,16.83,16.84,14.365452,124700
2012-05-31,16.889999,16.969999,16.620001,16.9,14.41663,366700
2012-06-01,16.59,16.92,16.540001,16.59,14.152183,104900
2012-06-04,16.620001,16.780001,16.5,16.66,14.211893,120800
2012-06-05,16.559999,17.0,16.549999,16.940001,14.450751,90300
2012-06-06,17.02,17.280001,16.98,17.190001,14.664018,181000
2012-06-07,17.450001,17.74,16.879999,16.940001,14.450751,240500
2012-06-08,16.9,17.190001,16.780001,17.110001,14.595774,119800
2012-06-11,17.25,17.25,16.82,16.84,14.365452,119800
2012-06-12,16.889999,17.049999,16.59,16.98,14.484874,141200
2012-06-13,16.959999,17.07,16.620001,16.700001,14.246018,105000
2012-06-14,16.690001,17.059999,16.690001,17.0,14.501935,120600
2012-06-15,17.08,17.280001,17.0,17.25,14.715204,284000
2012-06-18,17.18,17.57,16.99,17.23,14.698141,204600
2012-06-19,17.23,17.700001,17.07,17.469999,14.90287,276300
2012-06-20,17.540001,17.700001,17.33,17.41,14.851689,135200
2012-06-21,17.360001,17.540001,16.93,17.059999,14.553121,153900
2012-06-22,17.16,17.27,16.940001,16.99,14.493403,401300
2012-06-25,16.84,17.09,16.809999,16.84,14.365452,107100
2012-06-26,16.85,17.26,16.84,17.190001,14.664018,96400
2012-06-27,17.190001,17.700001,17.190001,17.57,14.988174,111700
2012-06-28,17.440001,17.940001,17.4,17.93,15.295279,122300
2012-06-29,17.92,18.139999,17.809999,18.040001,15.389116,153200
2012-07-02,18.08,18.27,17.940001,18.26,15.576787,129400
2012-07-03,18.280001,18.6,18.26,18.540001,15.815637,49400
2012-07-05,18.52,18.540001,18.0,18.18,15.508544,106500
2012-07-06,18.0,18.08,17.940001,18.02,15.372054,84500
2012-07-09,17.98,18.07,17.860001,17.99,15.346465,104400
2012-07-10,18.120001,18.16,17.959999,18.08,15.423234,85500
2012-07-11,18.059999,18.25,17.950001,18.07,15.414707,90000
2012-07-12,17.91,18.27,17.879999,18.059999,15.406177,95900
2012-07-13,18.16,18.48,18.16,18.379999,15.679152,65300
2012-07-16,18.379999,18.540001,18.120001,18.27,15.585313,86800
2012-07-17,18.200001,18.34,18.02,18.09,15.431768,77900
2012-07-18,18.120001,18.26,18.049999,18.25,15.568253,49700
2012-07-19,18.27,18.309999,17.889999,18.02,15.372054,50000
2012-07-20,17.889999,17.940001,17.610001,17.77,15.158784,92800
2012-07-23,17.52,17.76,17.389999,17.68,15.082014,87200
2012-07-24,17.68,17.68,17.190001,17.450001,14.885815,120700
2012-07-25,17.440001,17.84,17.33,17.65,15.056424,82600
2012-07-26,17.860001,18.049999,17.77,17.9,15.269687,70900
2012-07-27,18.0,18.43,17.790001,17.799999,15.184378,116000
2012-07-30,17.84,18.290001,17.84,18.110001,15.448827,54000
2012-07-31,18.030001,18.209999,17.879999,17.879999,15.252626,88500
2012-08-01,18.02,18.290001,17.559999,17.57,14.988174,106300
2012-08-02,17.469999,17.559999,17.07,17.469999,14.90287,112300
2012-08-03,17.719999,18.09,17.66,17.799999,15.184378,123400
2012-08-06,17.860001,18.5,17.860001,18.35,15.653563,84300
2012-08-07,18.42,18.540001,18.190001,18.280001,15.593844,80500
2012-08-08,18.24,18.549999,18.24,18.309999,15.619433,54700
2012-08-09,18.35,18.370001,18.049999,18.059999,15.406177,52400
2012-08-10,18.059999,18.059999,17.68,17.77,15.158784,87100
2012-08-13,17.73,17.799999,17.4,17.67,15.073483,83900
2012-08-14,17.719999,17.9,17.57,17.639999,15.047894,102600
2012-08-15,17.59,18.059999,17.59,18.049999,15.397647,51000
2012-08-16,18.07,18.17,17.879999,18.030001,15.380584,106500
2012-08-17,17.99,18.25,17.969999,18.15,15.534639,77100
2012-08-20,18.139999,18.290001,17.99,18.07,15.466175,84000
2012-08-21,18.18,18.780001,18.059999,18.530001,15.859888,134000
2012-08-22,18.5,18.67,18.280001,18.57,15.894125,62800
2012-08-23,18.540001,18.540001,18.139999,18.26,15.628798,98500
2012-08-24,18.17,18.35,18.02,18.190001,15.568883,93200
2012-08-27,18.24,18.42,18.08,18.280001,15.645913,47200
2012-08-28,18.32,18.559999,18.200001,18.530001,15.859888,66900
2012-08-29,18.59,18.59,18.299999,18.459999,15.799978,92000
2012-08-30,18.360001,18.540001,18.139999,18.25,15.620233,73200
2012-08-31,18.4,18.4,18.040001,18.23,15.603116,181600
2012-09-04,18.23,18.639999,18.030001,18.52,15.851336,123100
2012-09-05,18.59,18.629999,18.35,18.559999,15.885558,89300
2012-09-06,18.6,19.030001,18.559999,18.639999,15.954042,146800
2012-09-07,18.719999,18.879999,18.469999,18.530001,15.859888,128600
2012-09-10,18.57,18.75,18.389999,18.42,15.76574,95600
2012-09-11,18.43,18.719999,18.42,18.52,15.851336,83900
2012-09-12,18.549999,18.639999,18.42,18.450001,15.791415,73100
2012-09-13,18.52,18.809999,18.41,18.450001,15.791415,218900
2012-09-14,18.540001,19.18,18.5,18.799999,16.090984,175300
2012-09-17,18.790001,18.84,18.57,18.74,16.039625,135600
2012-09-18,18.75,18.950001,18.639999,18.709999,16.013948,146300
2012-09-19,18.73,18.83,18.51,18.620001,15.936919,160500
2012-09-20,18.530001,18.700001,18.48,18.59,15.911243,122800
2012-09-21,18.780001,19.139999,18.59,19.120001,16.364874,284100
2012-09-24,19.030001,19.299999,18.870001,19.200001,16.433342,132300
2012-09-25,19.34,19.41,18.85,18.860001,16.142338,128900
2012-09-26,18.940001,19.030001,18.23,18.41,15.757177,113500
2012-09-27,18.5,18.58,18.32,18.530001,15.859888,90000
2012-09-28,18.43,18.549999,18.33,18.33,15.68871,54800
2012-10-01,18.459999,18.690001,18.370001,18.49,15.825654,79700
2012-10-02,18.6,18.68,18.32,18.59,15.911243,65400
2012-10-03,18.58,18.58,18.309999,18.4,15.748615,50400
2012-10-04,18.49,18.559999,18.25,18.549999,15.877007,78400
2012-10-05,18.59,18.790001,18.440001,18.49,15.825654,81300
2012-10-08,18.42,18.549999,18.370001,18.450001,15.791415,29000
2012-10-09,18.5,18.6,18.129999,18.290001,15.654474,45200
2012-10-10,18.34,18.42,18.209999,18.34,15.69727,32200
2012-10-11,18.5,18.5,18.33,18.450001,15.791415,59900
2012-10-12,18.41,18.530001,18.309999,18.360001,15.714388,54300
2012-10-15,18.42,18.540001,18.26,18.459999,15.799978,57500
2012-10-16,18.49,18.76,18.469999,18.76,16.056746,51700
2012-10-17,18.780001,19.129999,18.75,19.129999,16.373428,96600
2012-10-18,19.129999,19.35,18.469999,18.469999,15.808535,252400
2012-10-19,18.43,18.58,17.950001,18.209999,15.586001,179900
2012-10-22,18.120001,18.440001,17.92,18.440001,15.782856,89500
2012-10-23,18.32,18.379999,18.16,18.370001,15.722948,117600
2012-10-24,18.469999,18.469999,18.209999,18.360001,15.714388,100000
2012-10-25,18.5,18.59,18.370001,18.52,15.851336,182400
2012-10-26,18.559999,18.58,18.33,18.34,15.69727,112800
2012-10-31,18.18,18.280001,18.0,18.25,15.620233,86800
2012-11-01,18.309999,18.469999,18.1,18.120001,15.508965,132800
2012-11-02,18.219999,18.23,17.790001,18.120001,15.508965,166900
2012-11-05,18.07,18.23,17.950001,18.0,15.406256,61800
2012-11-06,18.18,18.780001,18.030001,18.41,15.757177,116800
2012-11-07,18.209999,18.360001,17.5,17.65,15.106696,148800
2012-11-08,17.59,18.940001,17.59,18.73,16.031063,142000
2012-11-09,18.620001,18.77,18.43,18.559999,15.885558,113400
2012-11-12,18.58,18.66,18.18,18.52,15.851336,111700
2012-11-13,18.389999,18.870001,18.309999,18.65,15.962596,160300
2012-11-14,18.73,18.860001,18.48,18.6,15.919807,156900
2012-11-15,18.549999,18.549999,18.200001,18.25,15.620233,103500
2012-11-16,18.190001,18.41,18.0,18.360001,15.714388,142800
2012-11-19,18.41,18.68,18.299999,18.68,16.040697,70300
2012-11-20,18.780001,18.780001,18.48,18.719999,16.075043,48300
2012-11-21,18.799999,18.99,18.65,18.98,16.298304,44800
2012-11-23,19.030001,19.09,18.9,18.940001,16.263958,32800
2012-11-26,18.950001,19.52,18.950001,19.52,16.762012,99800
2012-11-27,19.66,19.67,19.24,19.27,16.547331,71400
2012-11-28,19.25,19.42,19.18,19.33,16.598862,55600
2012-11-29,19.51,19.610001,19.389999,19.6,16.830706,93700
2012-11-30,19.66,19.66,18.889999,19.09,16.392765,270200
2012-12-03,19.25,19.370001,18.93,19.120001,16.418528,91300
2012-12-04,19.1,19.360001,18.92,19.17,16.461464,156600
2012-12-05,19.290001,19.469999,19.1,19.18,16.470051,121100
2012-12-06,19.200001,19.299999,19.120001,19.26,16.538752,77800
2012-12-07,19.370001,19.41,19.120001,19.41,16.667553,52200
2012-12-10,19.41,19.629999,19.299999,19.49,16.736248,128500
2012-12-11,19.52,19.9,19.52,19.639999,16.865055,119400
2012-12-12,19.73,19.809999,19.440001,19.559999,16.796358,61600
2012-12-13,19.530001,19.67,19.280001,19.4,16.658968,52000
2012-12-14,19.299999,19.639999,19.299999,19.49,16.736248,64500
2012-12-17,19.49,20.040001,19.42,20.040001,17.208549,120000
2012-12-18,20.08,20.49,20.0,20.48,17.58637,144800
2012-12-19,20.549999,20.74,20.42,20.51,17.612133,169000
2012-12-20,20.549999,20.709999,20.459999,20.58,17.672241,147100
2012-12-21,20.450001,20.709999,20.450001,20.5,17.603544,394000
2012-12-24,20.440001,20.540001,19.85,20.389999,17.50909,54700
2012-12-26,20.43,20.549999,20.32,20.49,17.594957,106100
2012-12-27,20.549999,20.690001,20.4,20.620001,17.706593,85000
2012-12-28,20.530001,20.719999,20.42,20.49,17.594957,76400
2012-12-31,20.450001,20.65,20.209999,20.58,17.672241,99200
2013-01-02,20.98,21.52,20.9,21.26,18.256161,169300
2013-01-03,21.34,21.51,21.07,21.27,18.26475,90700
2013-01-04,21.41,21.66,21.27,21.309999,18.299103,193000
2013-01-07,21.129999,21.440001,21.0,21.25,18.247583,69900
2013-01-08,21.299999,21.4,21.1,21.16,18.170301,145300
2013-01-09,21.120001,21.23,20.68,20.74,17.809637,204400
2013-01-10,20.860001,20.879999,20.57,20.700001,17.77529,208200
2013-01-11,21.030001,21.629999,20.83,20.940001,17.98138,523500
2013-01-14,20.9,21.02,20.83,20.950001,17.989962,429500
2013-01-15,20.879999,21.42,20.83,21.4,18.376385,295700
2013-01-16,21.4,21.48,21.209999,21.379999,18.359213,166600
2013-01-17,21.379999,21.57,21.34,21.35,18.333448,92400
2013-01-18,21.35,21.360001,21.209999,21.24,18.238991,188900
2013-01-22,21.26,21.48,21.190001,21.379999,18.359213,173500
2013-01-23,21.440001,21.6,21.4,21.48,18.44508,260900
2013-01-24,21.49,21.719999,21.450001,21.559999,18.513781,128600
2013-01-25,21.68,21.75,21.34,21.440001,18.41074,138300
2013-01-28,21.440001,21.77,21.33,21.530001,18.488012,139800
2013-01-29,21.49,21.9,21.4,21.49,18.453671,146200
2013-01-30,21.41,21.469999,21.1,21.18,18.187469,111600
2013-01-31,21.209999,21.450001,21.120001,21.309999,18.299103,113000
2013-02-01,21.370001,21.68,21.34,21.530001,18.488012,134900
2013-02-04,21.4,21.719999,21.27,21.33,18.316273,146400
2013-02-05,21.379999,21.57,21.24,21.25,18.247583,59100
2013-02-06,21.25,21.49,21.219999,21.459999,18.427902,85500
2013-02-07,21.530001,21.540001,21.24,21.34,18.32486,75900
2013-02-08,21.389999,21.469999,21.299999,21.370001,18.35063,70000
2013-02-11,21.389999,21.4,21.219999,21.26,18.256161,56100
2013-02-12,21.25,21.450001,21.129999,21.26,18.256161,195500
2013-02-13,21.34,21.48,21.200001,21.33,18.316273,116800
2013-02-14,21.290001,21.42,21.23,21.27,18.26475,115500
2013-02-15,21.280001,21.540001,21.27,21.450001,18.419327,113500
2013-02-19,21.459999,21.74,21.42,21.690001,18.625414,191200
2013-02-20,21.65,21.74,21.25,21.27,18.26475,88200
2013-02-21,21.280001,21.59,21.25,21.360001,18.342041,79400
2013-02-22,21.5,21.620001,21.27,21.620001,18.565292,74000
2013-02-25,21.66,21.719999,20.870001,20.879999,17.929855,113500
2013-02-26,20.99,21.139999,20.76,20.790001,17.852573,225800
2013-02-27,20.74,21.16,20.700001,21.030001,18.058666,98100
2013-02-28,21.030001,21.379999,20.84,21.01,18.041489,131600
2013-03-01,20.860001,21.219999,20.639999,21.120001,18.135946,161400
2013-03-04,21.02,21.1,20.84,21.049999,18.075838,103200
2013-03-05,21.09,22.200001,20.969999,21.67,18.608231,249600
2013-03-06,21.75,22.290001,21.75,22.18,19.046179,143400
2013-03-07,22.209999,22.440001,21.99,22.219999,19.080524,120700
2013-03-08,22.299999,22.41,22.129999,22.35,19.19216,108300
2013-03-11,22.209999,22.370001,22.059999,22.139999,19.062998,24600
2013-03-12,22.18,22.34,21.93,21.950001,18.899416,85700
2013-03-13,22.01,22.139999,21.889999,22.0,18.942467,66200
2013-03-14,22.07,22.280001,21.950001,22.219999,19.131886,96100
2013-03-15,22.27,22.67,22.08,22.530001,19.398809,188900
2013-03-18,22.26,22.549999,22.08,22.440001,19.321314,99300
2013-03-19,22.450001,22.5,22.02,22.23,19.140497,62600
2013-03-20,22.389999,22.85,22.389999,22.799999,19.631281,114200
2013-03-21,22.75,22.92,22.700001,22.73,19.571003,162300
2013-03-22,22.73,23.309999,22.73,23.209999,19.984299,148500
2013-03-25,23.33,23.389999,23.0,23.34,20.096233,121200
2013-03-26,23.370001,23.58,23.07,23.209999,19.984299,65400
2013-03-27,23.02,23.290001,23.02,23.25,20.01874,61200
2013-03-28,23.309999,23.549999,23.15,23.450001,20.190948,92900
2013-04-01,23.35,23.5,22.82,22.950001,19.760437,105300
2013-04-02,23.110001,23.370001,22.75,22.889999,19.708769,222000
2013-04-03,22.98,23.17,22.77,22.85,19.674332,96400
2013-04-04,22.889999,22.93,22.629999,22.91,19.72599,64700
2013-04-05,22.58,22.690001,22.51,22.66,19.510742,65100
2013-04-08,22.809999,23.08,22.719999,23.059999,19.855143,87600
2013-04-09,23.110001,23.110001,22.709999,22.73,19.571003,64700
2013-04-10,22.75,23.35,22.700001,22.969999,19.777653,132500
2013-04-11,22.91,23.299999,22.84,23.26,20.027351,169500
2013-04-12,23.209999,23.51,23.129999,23.17,19.949858,61500
2013-04-15,23.129999,23.139999,22.139999,22.24,19.149111,126500
2013-04-16,22.33,22.75,22.1,22.65,19.502127,177300
2013-04-17,21.559999,22.540001,21.549999,22.15,19.071613,274700
2013-04-18,22.110001,22.110001,21.57,21.629999,18.623884,162500
2013-04-19,21.639999,21.790001,21.299999,21.75,18.727211,205300
2013-04-22,21.84,21.84,21.120001,21.68,18.666939,156800
2013-04-23,21.860001,22.01,21.639999,21.9,18.856363,119100
2013-04-24,21.84,22.43,21.84,22.4,19.286873,68600
2013-04-25,22.51,22.700001,22.450001,22.49,19.364365,89700
2013-04-26,22.49,22.59,22.34,22.370001,19.261047,80000
2013-04-29,22.51,22.559999,22.209999,22.370001,19.261047,58300
2013-04-30,22.43,22.700001,22.360001,22.65,19.502127,89200
2013-05-01,22.73,22.98,22.23,22.24,19.149111,194300
2013-05-02,22.360001,22.65,22.16,22.549999,19.416025,91500
2013-05-03,22.77,23.27,22.77,23.129999,19.915419,175900
2013-05-06,23.18,23.42,23.059999,23.35,20.104843,172600
2013-05-07,23.35,23.77,23.25,23.75,20.449247,120600
2013-05-08,23.67,23.92,23.610001,23.799999,20.492302,93800
2013-05-09,24.280001,25.280001,24.120001,25.15,21.654682,265000
2013-05-10,25.190001,25.290001,25.059999,25.16,21.663292,173400
2013-05-13,25.17,25.280001,24.9,24.99,21.516914,58400
2013-05-14,24.940001,25.370001,24.940001,25.26,21.749392,163200
2013-05-15,25.26,25.440001,25.139999,25.290001,21.775219,173700
2013-05-16,25.16,25.5,24.950001,25.469999,21.930202,87800
2013-05-17,25.66,25.92,25.51,25.870001,22.274614,146600
2013-05-20,25.709999,25.82,25.35,25.43,21.946671,32600
2013-05-21,25.5,25.629999,25.209999,25.27,21.80858,67500
2013-05-22,25.219999,25.540001,24.76,24.85,21.446114,53900
2013-05-23,24.73,25.02,24.5,24.74,21.351181,56100
2013-05-24,24.66,25.23,24.620001,25.07,21.635979,54700
2013-05-28,25.389999,25.809999,25.360001,25.42,21.938036,85900
2013-05-29,25.24,25.35,24.83,24.959999,21.541046,52500
2013-05-30,24.959999,25.139999,24.75,24.77,21.377073,77900
2013-05-31,24.629999,25.219999,24.59,24.74,21.351181,65400
2013-06-03,24.860001,24.940001,24.450001,24.93,21.515154,141300
2013-06-04,24.879999,24.950001,24.33,24.5,21.144053,87900
2013-06-05,24.5,24.74,24.23,24.440001,21.092274,88600
2013-06-06,24.4,24.610001,24.120001,24.35,21.014603,72600
2013-06-07,24.549999,24.91,24.440001,24.799999,21.402966,73400
2013-06-10,24.870001,25.1,24.799999,24.99,21.566935,127800
2013-06-11,24.719999,24.940001,24.6,24.620001,21.24762,83800
2013-06-12,24.719999,24.83,24.209999,24.219999,20.902407,44100
2013-06-13,24.280001,24.620001,24.07,24.49,21.135422,54700
2013-06-14,24.5,24.65,24.15,24.34,21.005968,145200
2013-06-17,24.540001,24.870001,23.98,24.209999,20.89378,69000
2013-06-18,24.200001,24.65,24.18,24.610001,21.238989,104400
2013-06-19,24.530001,24.82,24.32,24.469999,21.118164,74200
2013-06-20,24.139999,24.33,23.959999,24.27,20.945562,78700
2013-06-21,24.41,24.790001,23.950001,24.559999,21.195839,313500
2013-06-24,24.299999,24.450001,23.969999,24.07,20.772961,105600
2013-06-25,24.190001,24.370001,23.91,24.25,20.928303,97000
2013-06-26,24.360001,24.51,23.83,23.84,20.574455,173800
2013-06-27,24.030001,24.42,23.9,24.4,21.057756,184400
2013-06-28,24.280001,24.66,24.219999,24.450001,21.100912,628600
2013-07-01,24.52,24.85,24.51,24.610001,21.238989,140700
2013-07-02,24.76,24.76,24.26,24.5,21.144053,73800
2013-07-03,24.33,24.76,24.33,24.51,21.152685,39600
2013-07-05,24.85,24.860001,24.52,24.59,21.221733,90500
2013-07-08,24.73,25.0,24.719999,24.780001,21.385706,189700
2013-07-09,24.950001,25.58,24.83,25.5,22.007084,99800
2013-07-10,25.58,25.870001,25.43,25.74,22.214211,77700
2013-07-11,25.91,25.91,25.58,25.629999,22.11927,88600
2013-07-12,25.620001,26.120001,25.620001,25.950001,22.395439,63100
2013-07-15,26.01,26.52,25.99,26.48,22.852839,94600
2013-07-16,26.48,27.030001,26.459999,26.809999,23.137636,100800
2013-07-17,26.940001,27.030001,26.66,26.83,23.154898,94900
2013-07-18,26.93,27.219999,26.780001,27.139999,23.422432,47300
2013-07-19,27.190001,27.530001,26.85,26.879999,23.19805,85600
2013-07-22,26.870001,27.1,26.67,26.959999,23.267092,55000
2013-07-23,27.030001,27.17,26.59,26.719999,23.059963,83100
2013-07-24,26.76,26.85,26.4,26.67,23.016821,56200
2013-07-25,26.610001,27.309999,26.52,27.190001,23.465586,107400
2013-07-26,26.969999,27.1,26.540001,26.610001,22.965029,63900
2013-07-29,26.559999,26.639999,26.09,26.309999,22.706121,51100
2013-07-30,26.48,26.48,25.950001,26.299999,22.697498,66100
2013-07-31,26.35,26.639999,26.120001,26.290001,22.688868,84300
2013-08-01,26.59,27.67,26.52,27.4,23.646824,177100
2013-08-02,27.49,27.67,26.85,26.870001,23.189423,83700
2013-08-05,26.92,27.16,26.799999,27.0,23.301611,50300
2013-08-06,27.0,27.200001,26.43,26.440001,22.818321,58200
2013-08-07,26.440001,26.610001,26.059999,26.08,22.507627,68300
2013-08-08,27.0,27.98,26.809999,27.879999,24.061068,282900
2013-08-09,27.99,29.18,27.83,28.83,24.880941,198600
2013-08-12,28.809999,29.129999,28.209999,28.639999,24.716974,310200
2013-08-13,28.74,29.049999,28.1,28.43,24.535738,149800
2013-08-14,28.35,28.83,28.18,28.309999,24.432169,118100
2013-08-15,28.02,28.110001,27.379999,27.48,23.715866,115500
2013-08-16,27.299999,27.74,26.959999,27.41,23.65546,94500
2013-08-19,27.24,27.51,26.719999,26.82,23.197042,167400
2013-08-20,26.93,27.23,26.879999,26.940001,23.300838,69000
2013-08-21,26.889999,26.889999,26.440001,26.5,22.920273,67000
2013-08-22,26.530001,27.07,26.32,26.959999,23.318134,55100
2013-08-23,26.940001,27.139999,26.620001,26.860001,23.23164,54400
2013-08-26,26.91,26.959999,26.43,26.65,23.050007,108200
2013-08-27,26.43,26.440001,26.1,26.27,22.721344,101200
2013-08-28,26.33,26.700001,26.129999,26.52,22.937574,140500
2013-08-29,26.52,26.74,26.49,26.700001,23.093254,132600
2013-08-30,26.6,26.799999,26.299999,26.51,22.928923,108600
2013-09-03,26.93,27.48,26.57,26.940001,23.300838,105200
2013-09-04,27.040001,27.690001,26.790001,27.67,23.932228,476900
2013-09-05,27.780001,28.549999,27.65,28.48,24.632799,252400
2013-09-06,28.6,28.6,27.68,28.120001,24.321438,363700
2013-09-09,28.280001,28.5,27.76,28.5,24.650108,195600
2013-09-10,28.6,28.6,28.1,28.41,24.572264,358300
2013-09-11,28.459999,28.98,28.190001,28.940001,25.030672,123700
2013-09-12,28.870001,29.040001,28.57,28.860001,24.961481,197100
2013-09-13,29.0,29.290001,28.66,28.91,25.004726,145700
2013-09-16,29.07,29.35,29.07,29.25,25.298794,133300
2013-09-17,29.27,29.4,29.17,29.299999,25.342041,143000
2013-09-18,29.299999,29.389999,28.91,29.26,25.307434,272600
2013-09-19,29.26,29.4,28.879999,29.219999,25.272842,88800
2013-09-20,29.360001,29.93,29.200001,29.879999,25.843687,403400
2013-09-23,29.870001,29.870001,29.450001,29.5,25.51502,141200
2013-09-24,29.58,29.719999,29.34,29.389999,25.419876,155000
2013-09-25,29.41,29.51,29.24,29.389999,25.419876,120000
2013-09-26,29.549999,29.620001,29.360001,29.58,25.584215,114700
2013-09-27,29.389999,29.58,29.139999,29.290001,25.333387,100600
2013-09-30,29.059999,29.75,28.91,29.74,25.722597,256600
2013-10-01,29.83,30.030001,29.690001,30.0,25.947479,170700
2013-10-02,29.860001,29.889999,29.43,29.559999,25.566914,75000
2013-10-03,29.42,29.700001,28.92,29.200001,25.25555,73200
2013-10-04,29.129999,30.01,29.129999,29.959999,25.912884,152400
2013-10-07,29.75,29.92,29.5,29.639999,25.636106,105900
2013-10-08,29.629999,29.629999,28.309999,28.379999,24.546312,162600
2013-10-09,28.530001,28.549999,27.77,28.040001,24.252245,232900
2013-10-10,28.459999,28.969999,28.41,28.799999,24.90958,97500
2013-10-11,28.780001,29.65,28.75,29.65,25.644753,84500
2013-10-14,29.41,29.83,29.370001,29.799999,25.774498,57900
2013-10-15,29.799999,29.84,29.57,29.67,25.662056,86000
2013-10-16,29.950001,30.08,29.700001,30.0,25.947479,118800
2013-10-17,29.93,30.1,29.690001,30.040001,25.982073,232600
2013-10-18,30.15,30.92,30.0,30.9,26.725901,171800
2013-10-21,31.040001,31.639999,30.959999,31.549999,27.288103,423500
2013-10-22,31.860001,32.040001,31.49,31.52,27.262152,208000
2013-10-23,31.43,31.549999,31.08,31.1,26.898886,97000
2013-10-24,31.24,31.389999,31.120001,31.35,27.115112,108600
2013-10-25,31.48,31.5,30.870001,31.040001,26.846989,106700
2013-10-28,30.969999,31.049999,30.690001,30.92,26.743206,150000
2013-10-29,31.09,31.110001,30.76,31.0,26.812389,139500
2013-10-30,31.059999,31.08,30.389999,30.48,26.36264,107400
2013-10-31,30.57,30.6,30.059999,30.07,26.008026,148300
2013-11-01,30.0,30.15,29.35,29.5,25.51502,219800
2013-11-04,29.68,30.66,29.540001,30.559999,26.431835,217500
2013-11-05,30.51,30.82,30.280001,30.68,26.53562,76500
2013-11-06,30.790001,31.040001,30.530001,30.65,26.50967,108600
2013-11-07,31.23,31.52,30.33,31.440001,27.192959,204900
2013-11-08,31.43,31.6,31.280001,31.5,27.244852,166500
2013-11-11,31.5,31.66,31.309999,31.379999,27.141066,126600
2013-11-12,31.35,31.83,31.309999,31.51,27.253506,116900
2013-11-13,31.24,32.029999,31.219999,31.92,27.608118,121700
2013-11-14,31.92,32.0,31.52,31.85,27.547573,83500
2013-11-15,31.790001,31.91,31.540001,31.73,27.443783,83400
2013-11-18,31.870001,31.93,31.299999,31.370001,27.183819,79400
2013-11-19,31.48,31.700001,31.049999,31.190001,27.027838,149900
2013-11-20,31.4,31.559999,31.1,31.4,27.209814,69500
2013-11-21,31.620001,32.09,31.43,32.0,27.729748,124100
2013-11-22,32.0,32.060001,31.82,31.99,27.721077,97100
2013-11-25,31.959999,32.049999,31.82,31.98,27.712416,105300
2013-11-26,32.0,32.709999,31.92,32.389999,28.067705,168700
2013-11-27,32.490002,32.599998,32.209999,32.32,28.007048,86400
2013-11-29,32.540001,32.900002,32.439999,32.639999,28.284342,55200
2013-12-02,32.549999,32.549999,31.860001,31.93,27.669086,76700
2013-12-03,31.879999,32.32,31.879999,32.080002,27.799072,147300
2013-12-04,32.0,32.450001,31.66,31.860001,27.608433,62200
2013-12-05,31.76,31.889999,31.549999,31.68,27.452448,35900
2013-12-06,32.049999,32.43,31.77,32.41,28.085037,80000
2013-12-09,32.450001,32.450001,31.309999,31.690001,27.461115,124300
2013-12-10,31.67,31.68,30.91,31.040001,26.897852,94000
2013-12-11,31.190001,31.42,30.219999,30.48,26.41259,115000
2013-12-12,30.58,30.959999,30.4,30.49,26.421249,129900
2013-12-13,30.620001,30.719999,30.040001,30.110001,26.091961,127300
2013-12-16,30.309999,30.959999,30.120001,30.780001,26.672546,122200
2013-12-17,30.700001,30.700001,30.33,30.5,26.429909,115000
2013-12-18,30.540001,30.799999,30.190001,30.780001,26.672546,109300
2013-12-19,30.68,31.030001,30.5,30.540001,26.464579,90600
2013-12-20,30.6,31.549999,30.58,31.469999,27.270475,392800
2013-12-23,31.5,31.85,31.42,31.5,27.296469,123300
2013-12-24,31.68,31.99,31.549999,31.889999,27.63442,65000
2013-12-26,32.119999,32.119999,31.629999,31.67,27.443783,92200
2013-12-27,31.82,31.82,31.41,31.57,27.357124,43600
2013-12-30,31.5,31.98,31.389999,31.77,27.530434,104200
2013-12-31,31.85,32.049999,31.610001,31.65,27.426455,79800
2014-01-02,31.469999,31.6,30.209999,30.23,26.19595,193300
2014-01-03,30.209999,30.370001,29.6,29.75,25.779995,256500
2014-01-06,29.780001,29.85,28.76,28.879999,25.026093,265900
2014-01-07,28.700001,28.870001,27.43,28.32,24.540823,555400
2014-01-08,28.299999,28.48,27.27,27.370001,23.717598,357200
2014-01-09,27.48,27.940001,26.92,27.889999,24.168205,275700
2014-01-10,27.969999,28.41,27.450001,28.4,24.610153,181400
2014-01-13,28.370001,28.469999,27.52,27.629999,23.942905,161500
2014-01-14,27.780001,27.780001,27.299999,27.360001,23.708933,102300
2014-01-15,27.33,27.530001,27.26,27.280001,23.639612,58500
2014-01-16,27.290001,27.290001,26.450001,26.620001,23.067684,145500
2014-01-17,26.559999,26.85,26.35,26.85,23.266994,79900
2014-01-21,27.0,27.0,26.690001,26.77,23.19767,137000
2014-01-22,26.85,26.85,26.309999,26.59,23.041685,133500
2014-01-23,26.5,26.57,25.879999,26.030001,22.556416,186700
2014-01-24,25.799999,25.93,25.23,25.32,21.94116,103100
2014-01-27,25.299999,25.299999,24.440001,24.620001,21.334579,167600
2014-01-28,24.709999,25.360001,24.690001,25.360001,21.975826,149800
2014-01-29,25.219999,25.540001,25.120001,25.370001,21.984491,224600
2014-01-30,25.629999,26.16,25.34,25.639999,22.218452,173200
2014-01-31,25.139999,25.32,24.51,24.57,21.291248,207100
2014-02-03,24.58,24.73,23.77,23.92,20.727989,160700
2014-02-04,24.0,24.15,23.719999,23.93,20.736649,107900
2014-02-05,23.709999,24.07,23.48,23.639999,20.48535,84200
2014-02-06,23.639999,23.889999,23.59,23.610001,20.459354,130000
2014-02-07,23.610001,23.780001,23.34,23.66,20.502689,151000
2014-02-10,23.700001,23.76,23.209999,23.450001,20.320705,103900
2014-02-11,23.35,23.549999,23.15,23.540001,20.398691,128600
2014-02-12,23.51,23.690001,22.860001,23.0,19.930759,123400
2014-02-13,22.879999,23.889999,22.82,23.610001,20.459354,223200
2014-02-14,23.610001,24.01,23.32,23.93,20.736649,347400
2014-02-18,23.959999,24.610001,23.959999,24.5,21.230587,203800
2014-02-19,24.459999,24.74,24.139999,24.290001,21.048615,195200
2014-02-20,22.0,22.5,19.24,20.559999,17.816357,1660800
2014-02-21,21.0,22.360001,19.6,19.82,17.17511,799900
2014-02-24,19.860001,20.059999,19.25,19.32,16.741837,515000
2014-02-25,19.32,19.32,18.91,19.15,16.594519,324500
2014-02-26,19.299999,19.709999,19.27,19.4,16.811159,354500
2014-02-27,19.48,19.860001,19.24,19.799999,17.157778,525200
2014-02-28,19.799999,19.83,19.48,19.67,17.045124,355000
2014-03-03,19.42,19.66,19.27,19.450001,16.906055,397600
2014-03-04,19.68,19.98,19.65,19.959999,17.349354,416000
2014-03-05,19.860001,19.860001,19.42,19.709999,17.132051,407300
2014-03-06,19.790001,19.82,19.610001,19.719999,17.140741,146100
2014-03-07,19.809999,20.219999,19.68,20.09,17.462343,270300
2014-03-10,20.09,20.639999,19.940001,20.629999,17.931715,328100
2014-03-11,20.77,21.469999,20.66,20.870001,18.140322,461400
2014-03-12,20.790001,21.15,20.57,21.139999,18.375015,267200
2014-03-13,21.17,21.17,20.18,20.200001,17.557959,177600
2014-03-14,20.190001,20.48,20.01,20.34,17.679646,148500
2014-03-17,20.43,20.690001,20.209999,20.6,17.905643,203500
2014-03-18,20.66,20.9,20.559999,20.700001,17.992559,145500
2014-03-19,20.610001,20.700001,20.18,20.219999,17.575346,146000
2014-03-20,20.190001,20.389999,20.09,20.23,17.584036,149800
2014-03-21,20.34,20.719999,20.26,20.59,17.896952,385900
2014-03-24,20.620001,20.68,20.27,20.41,17.740492,134800
2014-03-25,20.58,20.6,20.17,20.23,17.584036,90500
2014-03-26,20.34,20.34,19.969999,19.99,17.375427,170900
2014-03-27,19.98,20.16,19.85,19.99,17.375427,214900
2014-03-28,19.99,20.26,19.870001,20.01,17.392811,132800
2014-03-31,20.09,20.49,19.950001,20.23,17.584036,210400
2014-04-01,20.24,20.42,19.98,20.139999,17.505808,207400
2014-04-02,20.16,20.469999,19.959999,20.26,17.610117,170000
2014-04-03,20.209999,20.450001,19.940001,20.24,17.592722,239700
2014-04-04,20.370001,20.440001,19.870001,19.99,17.375427,227000
2014-04-07,19.950001,20.02,19.84,19.85,17.253738,275300
2014-04-08,19.83,20.129999,19.799999,19.969999,17.358047,99000
2014-04-09,19.969999,20.139999,19.92,20.0,17.384119,100700
2014-04-10,19.99,20.200001,19.52,19.549999,16.992973,176400
2014-04-11,19.5,19.82,19.459999,19.5,16.949514,163300
2014-04-14,19.68,19.700001,19.42,19.52,16.966894,155900
2014-04-15,19.6,19.68,19.17,19.5,16.949514,190200
2014-04-16,19.709999,19.82,19.450001,19.549999,16.992973,107900
2014-04-17,19.5,19.73,19.49,19.6,17.036434,139800
2014-04-21,19.59,19.59,19.35,19.540001,16.984282,109100
2014-04-22,19.549999,19.75,19.43,19.51,16.958206,110800
2014-04-23,19.540001,20.09,19.51,19.98,17.366734,186100
2014-04-24,20.040001,20.33,19.959999,20.23,17.584036,188400
2014-04-25,20.32,20.469999,19.969999,20.1,17.471045,197400
2014-04-28,20.110001,20.4,19.99,20.01,17.392811,210800
2014-04-29,20.110001,20.200001,19.940001,19.98,17.366734,118600
2014-04-30,19.9,20.379999,19.690001,20.35,17.688345,135400
2014-05-01,20.870001,22.700001,20.790001,22.540001,19.5919,549800
2014-05-02,22.48,23.139999,22.200001,22.290001,19.374603,214900
2014-05-05,22.129999,22.129999,21.68,21.950001,19.079071,115200
2014-05-06,21.91,21.940001,21.43,21.459999,18.653156,156200
2014-05-07,21.540001,21.540001,21.139999,21.469999,18.661846,188700
2014-05-08,21.540001,21.9,21.299999,21.43,18.627085,177400
2014-05-09,21.34,21.969999,21.24,21.92,19.052992,138900
2014-05-12,22.049999,22.6,21.860001,22.459999,19.575951,117800
2014-05-13,22.42,22.59,22.219999,22.25,19.39292,166400
2014-05-14,22.23,22.23,21.200001,21.4,18.652069,155000
2014-05-15,21.23,21.27,20.77,20.92,18.2337,129600
2014-05-16,20.870001,20.940001,20.549999,20.9,18.216265,148700
2014-05-19,20.76,21.51,20.59,21.49,18.730505,176200
2014-05-20,21.360001,21.42,20.66,21.030001,18.329573,167500
2014-05-21,21.15,21.459999,20.75,21.049999,18.347006,150000
2014-05-22,21.09,21.83,20.950001,21.43,18.678211,135700
2014-05-23,21.49,21.690001,21.34,21.58,18.808949,77700
2014-05-27,21.77,22.459999,21.450001,21.639999,18.861242,191900
2014-05-28,21.57,21.799999,21.41,21.719999,18.930967,85400
2014-05-29,21.68,21.82,21.23,21.24,18.512608,69300
2014-05-30,21.309999,21.43,20.889999,21.030001,18.329573,104400
2014-06-02,21.17,21.17,20.639999,20.719999,18.05938,104100
2014-06-03,20.709999,21.34,20.66,21.0,18.303427,125100
2014-06-04,20.879999,21.15,20.540001,20.66,18.007082,118200
2014-06-05,20.639999,21.469999,20.549999,21.379999,18.634628,81600
2014-06-06,21.5,21.790001,21.389999,21.549999,18.782799,91300
2014-06-09,21.440001,21.84,21.33,21.620001,18.843815,101100
2014-06-10,21.450001,21.450001,21.110001,21.34,18.59976,105500
2014-06-11,21.299999,21.49,21.02,21.09,18.381866,67400
2014-06-12,20.969999,21.35,20.83,21.17,18.451599,68200
2014-06-13,21.280001,21.35,20.77,20.870001,18.190109,66900
2014-06-16,20.91,21.200001,20.59,21.139999,18.425447,95900
2014-06-17,21.040001,21.629999,20.940001,21.52,18.756651,129000
2014-06-18,21.540001,21.610001,21.280001,21.59,18.817665,99000
2014-06-19,21.6,21.6,21.219999,21.57,18.80023,91900
2014-06-20,22.290001,22.559999,21.58,21.98,19.157591,300500
2014-06-23,22.07,22.07,21.6,21.700001,18.913544,81400
2014-06-24,21.58,22.02,21.440001,21.540001,18.774084,130400
2014-06-25,21.370001,21.51,21.110001,21.360001,18.617203,70600
2014-06-26,21.459999,21.459999,21.01,21.33,18.591049,64400
2014-06-27,21.16,21.309999,20.790001,20.93,18.242411,255200
2014-06-30,20.870001,21.280001,20.75,21.18,18.460312,172900
2014-07-01,21.209999,21.799999,21.17,21.34,18.59976,180200
2014-07-02,21.26,21.42,21.030001,21.25,18.521326,150900
2014-07-03,21.280001,21.639999,21.27,21.540001,18.774084,44300
2014-07-07,21.540001,21.809999,21.23,21.719999,18.930967,153000
2014-07-08,21.74,22.26,21.49,21.74,18.948399,162800
2014-07-09,21.76,21.85,21.530001,21.66,18.878681,93900
2014-07-10,21.299999,21.700001,21.030001,21.15,18.434164,96400
2014-07-11,21.08,21.299999,20.92,21.18,18.460312,66900
2014-07-14,21.33,21.52,21.139999,21.290001,18.55619,82400
2014-07-15,21.219999,21.389999,20.889999,21.040001,18.338287,74400
2014-07-16,21.07,21.09,20.690001,20.75,18.085526,56200
2014-07-17,20.719999,21.110001,20.35,20.459999,17.832764,103500
2014-07-18,20.370001,20.870001,20.370001,20.799999,18.129099,82800
2014-07-21,20.709999,20.84,20.459999,20.559999,17.919922,37200
2014-07-22,20.610001,21.07,20.559999,20.73,18.068098,280200
2014-07-23,20.780001,21.0,20.51,20.690001,18.033234,49400
2014-07-24,20.75,20.940001,20.299999,20.49,17.858915,61000
2014-07-25,20.290001,20.290001,20.01,20.129999,17.545143,78000
2014-07-28,20.18,20.209999,19.799999,20.049999,17.475412,128500
2014-07-29,20.18,20.190001,19.75,19.780001,17.240082,83700
2014-07-30,19.85,19.85,18.889999,19.129999,16.67355,284700
2014-07-31,19.5,21.52,19.5,21.299999,18.564901,258500
2014-08-01,21.389999,21.469999,20.73,21.129999,18.416731,114500
2014-08-04,21.26,21.26,20.67,20.99,18.294708,116900
2014-08-05,20.950001,21.08,20.629999,20.799999,18.129099,86200
2014-08-06,20.74,21.219999,20.74,21.16,18.442883,60300
2014-08-07,21.200001,21.26,20.82,21.030001,18.329573,57200
2014-08-08,21.030001,21.309999,20.82,21.17,18.451599,118200
2014-08-11,21.219999,21.639999,20.940001,21.34,18.652626,79300
2014-08-12,21.33,21.52,21.16,21.35,18.661375,45000
2014-08-13,21.35,21.639999,21.16,21.34,18.652626,87400
2014-08-14,21.360001,21.370001,21.110001,21.16,18.495302,44800
2014-08-15,21.450001,21.57,20.91,21.370001,18.678854,119400
2014-08-18,21.620001,21.950001,21.559999,21.940001,19.17708,94300
2014-08-19,21.9,22.07,21.65,21.85,19.098408,58500
2014-08-20,21.799999,21.809999,21.49,21.700001,18.967299,48800
2014-08-21,21.690001,22.08,21.370001,21.98,19.212042,35600
2014-08-22,22.0,22.040001,21.690001,21.700001,18.967299,58400
2014-08-25,21.83,21.99,21.540001,21.709999,18.976034,59300
2014-08-26,21.690001,22.0,21.450001,21.68,18.949816,79800
2014-08-27,21.74,21.76,21.09,21.32,18.635149,94600
2014-08-28,21.299999,21.299999,20.82,21.0,18.35545,93800
2014-08-29,20.99,21.469999,20.950001,21.41,18.71382,66100
2014-09-02,21.530001,21.719999,21.27,21.65,18.92359,66000
2014-09-03,21.719999,21.74,21.190001,21.27,18.591448,95000
2014-09-04,21.360001,21.57,21.0,21.200001,18.530264,61100
2014-09-05,21.09,21.280001,20.950001,21.0,18.35545,53100
2014-09-08,21.01,21.09,20.77,21.08,18.425377,66700
2014-09-09,21.09,21.190001,20.549999,20.629999,18.032036,72500
2014-09-10,20.639999,20.82,20.469999,20.51,17.927155,51000
2014-09-11,20.280001,20.48,20.190001,20.35,17.787306,154200
2014-09-12,20.389999,20.389999,20.02,20.190001,17.647453,43700
2014-09-15,20.120001,20.190001,19.99,20.110001,17.577526,53700
2014-09-16,20.120001,20.17,19.690001,19.75,17.262859,60400
2014-09-17,19.690001,20.0,19.6,19.74,17.25412,59200
2014-09-18,19.85,20.049999,19.73,19.99,17.472641,109000
2014-09-19,20.0,20.299999,19.809999,20.16,17.621237,211200
2014-09-22,20.049999,20.18,19.799999,20.01,17.49012,66500
2014-09-23,19.93,20.040001,19.610001,19.639999,17.166719,69700
2014-09-24,19.709999,19.799999,19.52,19.77,17.280346,45000
2014-09-25,19.77,19.77,19.26,19.48,17.026863,84800
2014-09-26,19.469999,19.809999,19.41,19.780001,17.289083,69300
2014-09-29,19.639999,19.639999,19.27,19.33,16.895752,73000
2014-09-30,19.33,19.66,19.24,19.25,16.82583,73400
2014-10-01,19.18,19.33,18.809999,19.16,16.747158,166300
2014-10-02,19.17,19.620001,19.17,19.57,17.105528,48700
2014-10-03,19.77,20.110001,19.620001,19.92,17.411455,68500
2014-10-06,19.93,19.98,19.67,19.690001,17.210421,57700
2014-10-07,19.57,19.799999,19.5,19.5,17.044344,78600
2014-10-08,19.5,20.08,19.41,20.08,17.551304,63500
2014-10-09,20.129999,20.129999,19.469999,19.540001,17.079306,55700
2014-10-10,19.4,20.23,19.389999,19.98,17.463898,60400
2014-10-13,19.950001,20.120001,19.889999,19.969999,17.45516,142800
2014-10-14,20.030001,20.120001,19.870001,19.950001,17.437675,133800
2014-10-15,19.74,20.0,19.620001,19.9,17.393972,134900
2014-10-16,19.700001,20.110001,19.700001,19.790001,17.297827,154600
2014-10-17,19.940001,19.940001,19.440001,19.459999,17.009382,167900
2014-10-20,19.440001,19.6,19.32,19.4,16.956944,131700
2014-10-21,19.440001,19.67,19.34,19.549999,17.088045,106100
2014-10-22,19.620001,19.83,19.43,19.459999,17.009382,81600
2014-10-23,19.67,19.76,19.540001,19.610001,17.14049,92600
2014-10-24,19.67,19.860001,19.59,19.799999,17.306559,81300
2014-10-27,19.780001,19.860001,19.58,19.799999,17.306559,76700
2014-10-28,19.91,20.17,19.879999,20.08,17.551304,251400
2014-10-29,20.16,20.41,20.01,20.290001,17.734861,150500
2014-10-30,20.280001,20.370001,20.030001,20.08,17.551304,211000
2014-10-31,20.48,20.48,20.059999,20.389999,17.822266,326300
2014-11-03,20.450001,20.92,20.34,20.84,18.215597,209800
2014-11-04,20.860001,21.33,20.76,21.25,18.573969,139900
2014-11-05,21.35,21.799999,21.280001,21.67,18.941072,173600
2014-11-06,21.700001,21.780001,21.43,21.559999,18.844927,117600
2014-11-07,21.540001,21.549999,21.25,21.540001,18.879986,140300
2014-11-10,21.51,21.76,21.450001,21.700001,19.020231,144200
2014-11-11,21.700001,21.700001,21.17,21.309999,18.678391,74900
2014-11-12,21.299999,21.42,21.110001,21.379999,18.739746,81800
2014-11-13,21.4,21.4,21.1,21.1,18.494326,70900
2014-11-14,21.09,21.18,20.950001,21.059999,18.459263,86500
2014-11-17,20.98,21.07,20.57,20.67,18.117424,77500
2014-11-18,20.75,20.860001,20.610001,20.610001,18.064835,63700
2014-11-19,20.639999,20.690001,20.25,20.52,17.985949,118300
2014-11-20,20.469999,21.08,20.469999,21.02,18.424204,166200
2014-11-21,21.27,21.27,20.879999,20.92,18.336552,66100
2014-11-24,20.879999,21.02,20.540001,20.700001,18.143721,66600
2014-11-25,20.74,21.0,20.719999,20.959999,18.371607,86000
2014-11-26,20.969999,21.07,20.799999,20.969999,18.380379,93900
2014-11-28,21.0,21.0,20.25,20.280001,17.775585,43500
2014-12-01,20.290001,20.450001,20.059999,20.309999,17.801884,89800
2014-12-02,20.389999,20.76,20.219999,20.690001,18.13496,87600
2014-12-03,20.719999,20.950001,20.639999,20.879999,18.301491,106900
2014-12-04,20.889999,21.09,20.780001,21.040001,18.441732,130300
2014-12-05,20.969999,21.469999,20.969999,21.17,18.555681,83600
2014-12-08,21.16,21.35,20.620001,20.809999,18.240135,84100
2014-12-09,20.65,21.48,20.48,21.459999,18.809866,90300
2014-12-10,21.440001,21.5,20.860001,20.99,18.397907,99700
2014-12-11,21.08,21.459999,20.9,21.139999,18.529383,79400
2014-12-12,20.9,21.08,20.620001,20.91,18.327785,128500
2014-12-15,21.0,21.25,20.6,20.959999,18.371607,132600
2014-12-16,20.99,21.299999,20.73,20.76,18.196308,205300
2014-12-17,20.860001,21.49,20.559999,21.4,18.757282,233900
2014-12-18,21.5,21.690001,21.35,21.690001,19.011467,95900
2014-12-19,21.6,21.98,21.4,21.790001,19.099117,650900
2014-12-22,21.74,22.65,21.74,22.65,19.852911,106300
2014-12-23,22.780001,23.290001,22.68,23.040001,20.19475,116300
2014-12-24,23.01,23.01,22.780001,22.950001,20.115862,64600
2014-12-26,22.950001,23.280001,22.940001,23.16,20.299931,58800
2014-12-29,23.23,23.59,23.1,23.290001,20.413879,73300
2014-12-30,23.23,23.5,23.200001,23.290001,20.413879,65800
2014-12-31,23.52,23.700001,23.440001,23.51,20.60671,124000
2015-01-02,23.59,23.700001,22.879999,23.32,20.440172,119200
2015-01-05,23.23,23.49,22.870001,22.959999,20.124628,112800
2015-01-06,23.02,23.24,22.77,22.99,20.150923,141400
2015-01-07,23.200001,23.290001,22.75,22.99,20.150923,84500
2015-01-08,23.129999,23.389999,22.91,23.200001,20.334997,192700
2015-01-09,23.110001,23.25,22.42,22.42,19.651314,87300
2015-01-12,22.42,22.629999,22.18,22.469999,19.695137,54600
2015-01-13,22.629999,23.120001,21.98,22.24,19.493546,109900
2015-01-14,21.99,22.4,21.719999,22.219999,19.476011,75200
2015-01-15,22.309999,22.370001,21.58,21.59,18.923813,59900
2015-01-16,21.51,22.15,21.51,22.07,19.344536,130000
2015-01-20,22.02,22.15,21.43,21.52,18.862457,89900
2015-01-21,21.469999,21.84,21.290001,21.799999,19.107878,85400
2015-01-22,21.870001,22.17,21.66,22.120001,19.388367,94700
2015-01-23,22.1,22.17,21.6,21.68,19.002699,73200
2015-01-26,21.66,21.92,21.459999,21.889999,19.186764,95800
2015-01-27,21.690001,21.950001,21.51,21.690001,19.011467,75600
2015-01-28,21.780001,22.07,21.129999,21.219999,18.599508,78100
2015-01-29,21.219999,21.540001,20.93,21.450001,18.801102,115600
2015-01-30,21.370001,21.469999,20.77,20.799999,18.231361,115800
2015-02-02,20.93,21.23,20.620001,21.16,18.546917,115400
2015-02-03,21.25,21.93,21.23,21.41,18.766045,102000
2015-02-04,21.370001,21.83,21.26,21.700001,19.020231,70700
2015-02-05,21.67,22.059999,21.540001,22.02,19.300711,75500
2015-02-06,22.02,22.49,22.02,22.15,19.414654,80300
2015-02-09,22.08,22.17,21.709999,21.790001,19.099117,54100
2015-02-10,21.98,21.98,21.459999,21.809999,19.116644,49500
2015-02-11,21.74,21.82,21.450001,21.65,18.9764,46800
2015-02-12,21.709999,21.92,21.559999,21.73,19.046522,62600
2015-02-13,21.66,21.74,21.42,21.58,18.915049,56800
2015-02-17,21.629999,21.639999,21.370001,21.5,18.844929,75500
2015-02-18,21.42,21.889999,21.370001,21.719999,19.037758,273700
2015-02-19,22.110001,23.639999,22.110001,23.43,20.536587,343000
2015-02-20,23.469999,24.18,23.43,23.83,20.88719,219800
2015-02-23,23.83,24.24,23.790001,24.16,21.176437,172100
2015-02-24,24.15,24.91,23.52,23.73,20.799538,218400
2015-02-25,23.639999,23.92,23.639999,23.719999,20.790771,149100
2015-02-26,23.82,24.26,23.82,23.950001,20.992369,141300
2015-02-27,23.99,24.08,23.290001,23.59,20.67684,199400
2015-03-02,23.77,24.139999,23.52,24.0,21.089842,309000
2015-03-03,24.02,24.16,23.889999,24.0,21.089842,311900
2015-03-04,23.879999,24.059999,23.540001,23.719999,20.843792,147100
2015-03-05,23.809999,24.040001,23.6,23.74,20.861364,145000
2015-03-06,23.559999,24.0,23.5,23.790001,20.905306,182700
2015-03-09,23.85,24.77,23.809999,24.32,21.371033,420700
2015-03-10,24.219999,24.440001,24.030001,24.200001,21.265585,190200
2015-03-11,24.309999,24.450001,24.18,24.41,21.450121,157000
2015-03-12,24.5,25.0,24.49,25.0,21.96858,179700
2015-03-13,25.0,25.27,24.690001,25.209999,22.153116,272900
2015-03-16,25.41,25.92,25.41,25.780001,22.654003,197200
2015-03-17,25.65,25.99,25.549999,25.950001,22.803389,165600
2015-03-18,25.879999,26.41,25.809999,26.4,23.198824,169900
2015-03-19,26.290001,26.379999,26.01,26.200001,23.023075,103700
2015-03-20,26.25,26.85,26.25,26.59,23.365782,271800
2015-03-23,26.540001,26.719999,26.25,26.68,23.444868,173300
2015-03-24,26.620001,26.700001,26.360001,26.51,23.295485,132200
2015-03-25,26.91,26.91,26.5,26.540001,23.321846,109800
2015-03-26,26.540001,26.74,26.35,26.450001,23.24276,77400
2015-03-27,26.48,26.82,26.370001,26.620001,23.392141,210200
2015-03-30,26.73,27.219999,26.620001,26.969999,23.699707,203100
2015-03-31,27.02,27.18,26.74,26.99,23.717279,184300
2015-04-01,26.91,27.15,26.540001,26.68,23.444868,179000
2015-04-02,26.74,27.309999,26.57,26.959999,23.690916,178400
2015-04-06,26.93,27.129999,26.82,26.860001,23.603037,170800
2015-04-07,26.85,27.059999,26.780001,26.799999,23.550325,115500
2015-04-08,26.790001,27.290001,26.790001,27.16,23.866667,206400
2015-04-09,27.17,27.389999,26.85,26.99,23.717279,164200
2015-04-10,26.93,27.200001,26.67,27.0,23.726067,268900
2015-04-13,27.01,27.4,26.950001,27.23,23.928175,173400
2015-04-14,27.290001,27.65,27.209999,27.43,24.103928,166600
2015-04-15,27.57,27.58,27.25,27.27,23.963329,75500
2015-04-16,27.25,27.25,26.889999,26.889999,23.629408,121800
2015-04-17,26.76,26.780001,26.360001,26.440001,23.233973,104500
2015-04-20,26.469999,27.469999,26.389999,27.07,23.78758,367200
2015-04-21,27.219999,27.35,26.889999,27.02,23.743647,170300
2015-04-22,27.110001,27.209999,26.889999,26.99,23.717279,239000
2015-04-23,26.9,27.25,26.9,26.950001,23.682129,127700
2015-04-24,26.969999,27.290001,26.950001,27.110001,23.822735,121800
2015-04-27,27.200001,27.309999,26.030001,26.049999,22.891256,388100
2015-04-28,26.09,26.719999,25.92,26.620001,23.392141,147700
2015-04-29,26.59,26.73,26.25,26.25,23.067013,128300
2015-04-30,25.23,25.5,23.58,24.41,21.450121,409900
2015-05-01,24.42,25.1,24.370001,25.049999,22.012518,213700
2015-05-04,24.92,24.93,23.870001,24.030001,21.116203,238000
2015-05-05,23.879999,24.18,23.549999,23.950001,21.045898,229300
2015-05-06,24.08,24.17,23.9,24.09,21.168926,124300
2015-05-07,24.0,24.379999,23.780001,24.299999,21.353462,115000
2015-05-08,24.059999,24.6,23.860001,24.139999,21.212858,136900
2015-05-11,23.98,24.389999,23.85,24.190001,21.309757,129700
2015-05-12,24.030001,24.379999,23.700001,24.16,21.283335,187700
2015-05-13,24.190001,24.27,23.98,24.139999,21.265717,87500
2015-05-14,24.139999,24.66,23.969999,24.52,21.60047,112600
2015-05-15,24.48,24.559999,23.5,23.73,20.904537,129300
2015-05-18,23.73,24.200001,23.690001,24.200001,21.318575,170300
2015-05-19,24.200001,24.370001,23.82,23.92,21.071913,189600
2015-05-20,24.02,24.49,23.860001,24.209999,21.327383,178500
2015-05-21,24.15,24.219999,23.91,24.110001,21.239292,91600
2015-05-22,24.09,24.24,23.41,23.49,20.693108,104500
2015-05-26,23.360001,23.360001,23.0,23.27,20.499308,98000
2015-05-27,23.290001,23.5,23.07,23.389999,20.605019,78300
2015-05-28,23.190001,23.200001,22.99,23.120001,20.367167,90900
2015-05-29,23.07,23.07,22.389999,22.620001,19.926701,142900
2015-06-01,22.75,22.879999,22.309999,22.42,19.750513,115600
2015-06-02,22.389999,22.870001,22.389999,22.6,19.909084,70300
2015-06-03,22.65,23.23,22.65,23.23,20.464069,145600
2015-06-04,23.440001,23.440001,22.85,22.9,20.173363,125400
2015-06-05,22.780001,23.0,22.540001,22.790001,20.076462,112900
2015-06-08,22.700001,22.959999,22.610001,22.639999,19.944323,78800
2015-06-09,22.57,22.76,22.360001,22.450001,19.776947,65200
2015-06-10,22.58,22.969999,22.58,22.719999,20.014799,92600
2015-06-11,22.74,22.940001,22.639999,22.83,20.111696,65400
2015-06-12,22.83,22.870001,22.65,22.74,20.03241,68900
2015-06-15,22.610001,22.77,22.280001,22.6,19.909084,77300
2015-06-16,22.530001,23.049999,22.450001,22.76,20.050034,74800
2015-06-17,22.91,23.110001,22.629999,22.66,19.961939,61100
2015-06-18,22.700001,23.0,22.700001,22.83,20.111696,82600
2015-06-19,22.940001,22.940001,22.629999,22.700001,19.997173,151000
2015-06-22,22.809999,22.969999,22.559999,22.959999,20.226217,66900
2015-06-23,22.93,22.98,22.49,22.950001,20.217409,120300
2015-06-24,22.93,23.26,22.860001,22.99,20.252645,111000
2015-06-25,23.0,23.08,22.639999,23.030001,20.287884,153700
2015-06-26,23.139999,23.450001,23.01,23.24,20.472883,346300
2015-06-29,23.139999,23.26,22.43,22.459999,19.785751,158300
2015-06-30,22.719999,22.969999,22.51,22.780001,20.067652,133200
2015-07-01,23.18,23.360001,22.92,23.139999,20.384787,122000
2015-07-02,23.219999,23.219999,22.65,22.82,20.102888,107900
2015-07-06,22.5,22.879999,22.49,22.73,20.023605,77000
2015-07-07,22.75,22.76,22.15,22.5,19.820993,115800
2015-07-08,22.360001,22.68,22.280001,22.59,19.900274,196000
2015-07-09,22.780001,22.940001,22.450001,22.48,19.803368,144800
2015-07-10,22.73,23.1,22.6,23.08,20.33193,70600
2015-07-13,23.209999,23.360001,23.01,23.280001,20.50812,104400
2015-07-14,23.280001,23.620001,23.120001,23.48,20.684299,176900
2015-07-15,23.450001,23.6,23.309999,23.459999,20.666683,83600
2015-07-16,23.540001,23.77,23.309999,23.459999,20.666683,61900
2015-07-17,23.49,23.610001,23.219999,23.440001,20.649069,59200
2015-07-20,23.549999,23.67,23.209999,23.280001,20.50812,69800
2015-07-21,23.209999,23.58,23.030001,23.5,20.701925,98900
2015-07-22,23.41,23.629999,23.27,23.35,20.569778,54200
2015-07-23,23.26,23.65,22.73,22.83,20.111696,89500
2015-07-24,22.77,22.860001,22.459999,22.540001,19.856226,85700
2015-07-27,22.450001,22.57,22.290001,22.360001,19.69766,60700
2015-07-28,22.459999,22.459999,22.02,22.17,19.530283,97500
2015-07-29,22.09,22.469999,22.030001,22.200001,19.556707,93000
2015-07-30,23.450001,24.389999,23.43,24.049999,21.186434,257300
2015-07-31,24.129999,24.24,23.790001,24.0,21.142391,124600
2015-08-03,24.07,24.42,23.67,24.299999,21.406668,70700
2015-08-04,24.32,26.4,23.93,26.200001,23.080444,288700
2015-08-05,26.25,26.389999,25.4,25.76,22.692835,134500
2015-08-06,25.85,25.85,24.969999,24.98,22.005701,106800
2015-08-07,24.790001,25.120001,24.700001,25.09,22.102608,67800
2015-08-10,25.09,25.42,24.940001,25.4,22.429333,110700
2015-08-11,25.25,25.870001,25.25,25.75,22.738398,93300
2015-08-12,25.52,25.52,24.98,25.280001,22.323366,74300
2015-08-13,25.16,25.41,25.059999,25.290001,22.332197,57700
2015-08-14,25.24,25.58,25.15,25.57,22.579449,47700
2015-08-17,25.440001,25.440001,25.1,25.25,22.296871,150400
2015-08-18,25.25,25.379999,25.059999,25.190001,22.243898,111500
2015-08-19,24.98,25.200001,24.870001,24.91,21.996637,73600
2015-08-20,24.6,25.08,24.559999,24.610001,21.731724,79500
2015-08-21,24.129999,24.41,23.82,23.82,21.034122,227400
2015-08-24,22.799999,22.809999,21.969999,22.209999,19.612419,241300
2015-08-25,22.799999,22.799999,21.73,21.780001,19.232714,127400
2015-08-26,22.27,22.6,21.99,22.440001,19.815521,115800
2015-08-27,22.59,22.719999,21.969999,22.16,19.568268,90900
2015-08-28,22.049999,22.120001,21.860001,21.969999,19.400492,82000
2015-08-31,21.809999,22.219999,21.809999,22.049999,19.471132,108600
2015-09-01,21.549999,22.129999,21.540001,21.959999,19.391657,138400
2015-09-02,22.209999,22.309999,21.799999,22.200001,19.60359,67600
2015-09-03,22.299999,22.5,21.969999,22.01,19.435808,62400
2015-09-04,21.67,21.91,21.559999,21.6,19.073765,48000
2015-09-08,21.969999,22.040001,21.49,21.879999,19.321014,95000
2015-09-09,22.02,22.25,21.799999,22.08,19.49762,75900
2015-09-10,22.059999,22.32,22.01,22.24,19.638905,41400
2015-09-11,22.07,22.08,21.799999,21.93,19.365168,77800
2015-09-14,21.940001,21.940001,21.459999,21.700001,19.162071,113100
2015-09-15,21.67,22.290001,21.65,22.16,19.568268,56800
2015-09-16,22.16,22.360001,22.07,22.17,19.577097,64500
2015-09-17,22.17,22.74,22.15,22.389999,19.771364,87900
2015-09-18,22.08,22.280001,21.690001,21.74,19.19739,194800
2015-09-21,21.91,22.16,21.780001,22.110001,19.524113,66400
2015-09-22,21.860001,22.110001,21.76,21.889999,19.329845,74300
2015-09-23,21.92,22.030001,21.629999,21.85,19.294525,64800
2015-09-24,21.67,22.0,21.629999,21.809999,19.259199,97000
2015-09-25,22.0,22.790001,21.75,22.389999,19.771364,141500
2015-09-28,22.27,22.4,22.07,22.1,19.515284,93800
2015-09-29,22.120001,22.18,21.68,22.129999,19.541773,87800
2015-09-30,22.25,22.360001,22.120001,22.290001,19.683062,107500
2015-10-01,22.200001,22.57,21.870001,22.25,19.647741,118000
2015-10-02,22.120001,22.120001,21.02,21.280001,18.791182,124100
2015-10-05,21.34,22.02,21.34,21.809999,19.259199,110400
2015-10-06,21.77,21.83,20.860001,20.969999,18.517443,133200
2015-10-07,21.139999,21.809999,21.139999,21.77,19.223877,103600
2015-10-08,21.799999,22.0,21.700001,21.889999,19.329845,63900
2015-10-09,21.959999,22.16,21.43,21.6,19.073765,124500
2015-10-12,21.67,22.77,21.67,22.74,20.080431,90900
2015-10-13,22.700001,23.0,22.370001,22.51,19.877335,80100
2015-10-14,22.540001,23.049999,22.379999,22.889999,20.212891,117100
2015-10-15,23.1,23.73,23.02,23.709999,20.936981,163900
2015-10-16,23.84,24.41,23.799999,24.299999,21.457983,163000
2015-10-19,24.299999,24.67,24.299999,24.6,21.722895,68200
2015-10-20,24.66,24.84,24.57,24.700001,21.811203,104000
2015-10-21,24.799999,24.889999,24.309999,24.309999,21.466812,149700
2015-10-22,24.49,24.83,24.41,24.540001,21.66991,83700
2015-10-23,24.83,24.83,24.25,24.530001,21.661083,61100
2015-10-26,24.559999,24.59,24.120001,24.25,21.413834,73900
2015-10-27,24.18,24.24,23.59,23.629999,20.866346,151400
2015-10-28,23.559999,24.700001,23.559999,24.620001,21.740559,139600
2015-10-29,25.17,27.379999,25.120001,26.73,23.603777,273100
2015-10-30,26.93,27.34,26.360001,26.469999,23.374189,177300
2015-11-02,26.73,27.620001,26.73,27.530001,24.310219,243400
2015-11-03,27.59,27.68,26.809999,26.84,23.700916,385700
2015-11-04,26.969999,27.08,26.35,26.51,23.409512,162700
2015-11-05,26.629999,26.780001,26.4,26.629999,23.515478,166900
2015-11-06,26.610001,26.889999,26.52,26.719999,23.648233,234900
2015-11-09,26.9,27.309999,26.4,26.459999,23.418118,119100
2015-11-10,26.530001,26.889999,26.4,26.74,23.665932,296800
2015-11-11,26.9,27.26,26.68,26.790001,23.71019,226200
2015-11-12,26.73,27.02,26.299999,26.379999,23.347321,82100
2015-11-13,26.299999,26.620001,26.200001,26.440001,23.400427,127900
2015-11-16,26.34,26.719999,25.870001,26.540001,23.48893,155900
2015-11-17,26.68,26.74,26.1,26.16,23.152609,99300
2015-11-18,26.32,26.700001,26.200001,26.610001,23.550877,135500
2015-11-19,26.67,26.82,26.620001,26.799999,23.719036,151900
2015-11-20,26.809999,27.0,26.639999,26.860001,23.772137,164400
2015-11-23,26.950001,27.16,26.870001,27.08,23.966846,144700
2015-11-24,27.040001,27.459999,26.790001,27.379999,24.232361,72700
2015-11-25,27.459999,27.49,27.110001,27.33,24.188112,78400
2015-11-27,27.200001,27.68,27.15,27.52,24.356266,45900
2015-11-30,27.52,27.780001,27.290001,27.41,24.258913,138200
2015-12-01,27.450001,27.809999,27.33,27.709999,24.524424,87300
2015-12-02,27.700001,27.879999,27.4,27.799999,24.60408,117400
2015-12-03,27.790001,27.82,26.879999,26.889999,23.798689,92400
2015-12-04,26.809999,27.35,26.629999,27.139999,24.019949,69700
2015-12-07,27.120001,27.33,26.82,26.9,23.807539,69100
2015-12-08,26.809999,26.940001,26.469999,26.469999,23.426975,65800
2015-12-09,26.370001,26.690001,26.18,26.24,23.223413,79200
2015-12-10,26.23,26.540001,26.0,26.440001,23.400427,122400
2015-12-11,26.040001,26.530001,25.690001,26.299999,23.27652,128600
2015-12-14,26.41,27.120001,26.33,27.02,23.913748,228300
2015-12-15,27.219999,27.59,26.98,27.549999,24.382814,148000
2015-12-16,27.68,27.99,27.24,27.719999,24.533274,115700
2015-12-17,27.85,27.93,27.01,27.07,23.957994,171800
2015-12-18,27.0,27.120001,26.440001,26.59,23.533182,748500
2015-12-21,26.860001,27.290001,26.66,27.049999,23.940296,101100
2015-12-22,27.120001,27.43,26.809999,27.370001,24.223509,124600
2015-12-23,27.59,27.65,27.23,27.559999,24.391663,84100
2015-12-24,27.52,27.879999,27.52,27.709999,24.524424,28900
2015-12-28,27.700001,27.74,27.190001,27.610001,24.435915,114200
2015-12-29,27.719999,28.35,27.719999,28.200001,24.958088,78100
2015-12-30,28.219999,28.35,27.940001,28.059999,24.834181,75500
2015-12-31,28.09,28.120001,27.280001,27.299999,24.161554,106800
2016-01-04,26.690001,26.889999,26.219999,26.58,23.524328,209400
2016-01-05,26.799999,27.059999,26.549999,26.68,23.612835,121400
2016-01-06,26.35,27.18,26.35,27.0,23.896042,183700
2016-01-07,26.5,26.91,26.190001,26.27,23.249964,339100
2016-01-08,26.4,26.459999,25.129999,25.200001,22.302973,298600
2016-01-11,25.41,25.780001,25.209999,25.559999,22.621593,118800
2016-01-12,26.049999,26.049999,25.280001,25.549999,22.61274,105300
2016-01-13,25.549999,25.620001,24.139999,24.42,21.61264,206200
2016-01-14,24.559999,25.09,24.43,24.790001,21.940109,107100
2016-01-15,24.299999,24.49,23.889999,24.469999,21.656898,120000
2016-01-19,24.67,24.959999,24.049999,24.4,21.59494,150400
2016-01-20,24.07,24.49,23.4,24.23,21.444483,123500
2016-01-21,24.280001,24.4,23.790001,23.959999,21.205526,125800
2016-01-22,24.24,24.540001,23.99,24.209999,21.426785,100500
2016-01-25,24.200001,24.360001,23.84,23.889999,21.14357,63200
2016-01-26,23.950001,24.68,23.950001,24.5,21.683445,142100
2016-01-27,24.5,24.5,23.85,23.940001,21.187828,151200
2016-01-28,24.0,24.309999,23.92,24.08,21.311731,87800
2016-01-29,24.190001,24.940001,24.190001,24.91,22.046312,184200
2016-02-01,24.790001,24.790001,24.219999,24.540001,21.718847,131200
2016-02-02,24.219999,24.219999,23.85,24.16,21.382532,89700
2016-02-03,24.389999,24.389999,23.450001,23.65,20.931164,119200
2016-02-04,23.6,23.76,22.92,23.040001,20.391291,120900
2016-02-05,23.040001,23.18,22.58,23.01,20.364738,186400
2016-02-08,22.83,23.280001,22.629999,23.16,20.497496,172800
2016-02-09,22.870001,23.5,22.76,23.370001,20.683353,118300
2016-02-10,23.639999,24.030001,23.15,23.15,20.488644,140500
2016-02-11,22.719999,23.0,22.610001,22.82,20.196585,82900
2016-02-12,23.1,23.76,23.049999,23.65,20.931164,147400
2016-02-16,23.93,23.93,23.209999,23.52,20.816107,115400
2016-02-17,26.5,29.209999,26.1,27.92,24.710279,553200
2016-02-18,28.059999,28.1,27.41,27.879999,24.674873,365300
2016-02-19,27.790001,28.059999,27.129999,27.209999,24.081902,184900
2016-02-22,27.58,28.65,27.469999,28.01,24.789928,206000
2016-02-23,27.92,28.040001,27.17,27.33,24.188112,240400
2016-02-24,27.110001,27.790001,26.92,27.51,24.347412,118500
2016-02-25,27.59,28.32,27.209999,28.09,24.860735,387400
2016-02-26,28.120001,28.540001,27.309999,27.620001,24.523346,188900
2016-02-29,27.620001,28.530001,27.459999,27.76,24.647646,247100
2016-03-01,28.049999,28.530001,27.99,28.190001,25.02943,163400
2016-03-02,28.190001,28.57,28.110001,28.5,25.30468,148200
2016-03-03,28.42,28.530001,28.040001,28.200001,25.038319,165600
2016-03-04,28.209999,28.219999,27.82,27.879999,24.754189,158700
2016-03-07,27.76,28.23,27.690001,28.219999,25.056067,180300
2016-03-08,27.93,28.309999,27.76,28.02,24.878494,167300
2016-03-09,28.09,28.33,27.77,28.07,24.922882,131000
2016-03-10,28.209999,28.299999,27.540001,27.67,24.567736,124100
2016-03-11,27.83,28.41,27.690001,28.15,24.993916,134700
2016-03-14,28.049999,28.09,27.709999,27.719999,24.612129,103400
2016-03-15,27.67,27.75,27.280001,27.360001,24.292488,124500
2016-03-16,27.309999,28.0,27.290001,27.82,24.70092,158800
2016-03-17,27.84,28.26,27.459999,28.059999,24.914009,161600
2016-03-18,28.26,28.49,28.07,28.290001,25.118221,203900
2016-03-21,28.15,28.15,27.68,27.870001,24.745308,107700
2016-03-22,27.84,28.120001,27.66,27.879999,24.754189,75600
2016-03-23,27.889999,28.129999,27.52,27.530001,24.443432,86600
2016-03-24,27.530001,27.530001,27.01,27.32,24.256977,102200
2016-03-28,27.360001,27.870001,27.209999,27.809999,24.692036,104000
2016-03-29,27.809999,28.34,27.68,28.25,25.082708,124500
2016-03-30,28.360001,28.639999,28.360001,28.5,25.30468,198300
2016-03-31,28.48,28.48,28.07,28.139999,24.985043,104400
2016-04-01,28.040001,28.440001,27.75,28.43,25.242531,102100
2016-04-04,28.280001,28.280001,27.709999,27.950001,24.816343,223100
2016-04-05,27.790001,28.24,27.790001,27.860001,24.736437,122000
2016-04-06,27.84,27.889999,27.32,27.57,24.478947,106400
2016-04-07,27.299999,27.540001,27.09,27.27,24.21258,169300
2016-04-08,27.549999,27.629999,27.07,27.32,24.256977,84400
2016-04-11,27.49,27.73,27.219999,27.23,24.177063,135200
2016-04-12,27.379999,28.0,27.34,27.860001,24.736437,90300
2016-04-13,28.07,28.469999,27.99,28.309999,25.135981,118200
2016-04-14,28.26,28.57,28.129999,28.360001,25.180376,78900
2016-04-15,28.299999,28.549999,28.280001,28.5,25.30468,199100
2016-04-18,28.450001,28.5,28.030001,28.309999,25.135981,139600
2016-04-19,28.200001,28.5,28.16,28.299999,25.127102,83100
2016-04-20,28.27,28.6,28.120001,28.540001,25.340193,116700
2016-04-21,28.59,28.73,28.040001,28.4,25.215887,194200
2016-04-22,28.309999,28.66,28.280001,28.6,25.393463,190300
2016-04-25,28.33,28.67,28.129999,28.65,25.437862,158100
2016-04-26,28.530001,29.360001,28.440001,29.1,25.837404,294700
2016-04-27,29.0,29.26,28.700001,29.139999,25.872923,288900
2016-04-28,28.77,29.15,28.209999,29.030001,25.775259,250800
2016-04-29,29.040001,29.889999,28.940001,29.700001,26.370136,231900
2016-05-02,29.93,30.23,29.530001,29.610001,26.29023,256600
2016-05-03,29.35,29.639999,28.82,29.51,26.201441,177400
2016-05-04,29.34,29.66,29.040001,29.440001,26.13929,157600
2016-05-05,29.129999,29.809999,29.129999,29.700001,26.370136,263300
2016-05-06,29.48,29.92,29.290001,29.92,26.565472,161000
2016-05-09,29.77,30.01,29.559999,29.870001,26.601099,72500
2016-05-10,30.0,30.35,29.690001,29.870001,26.601099,140300
2016-05-11,29.76,30.049999,29.42,29.469999,26.244869,100100
2016-05-12,29.469999,30.24,29.459999,29.82,26.556561,138600
2016-05-13,29.75,29.93,29.440001,29.57,26.333923,93200
2016-05-16,29.700001,30.32,29.370001,29.98,26.699049,138700
2016-05-17,29.92,30.15,29.15,29.219999,26.022226,245900
2016-05-18,29.139999,30.1,29.139999,29.879999,26.609999,137900
2016-05-19,29.74,30.110001,29.23,29.42,26.200342,95100
2016-05-20,29.59,29.92,29.43,29.709999,26.458605,97500
2016-05-23,29.620001,29.879999,29.35,29.530001,26.298302,121000
2016-05-24,29.6,30.43,29.6,30.18,26.877169,167100
2016-05-25,30.24,30.41,29.57,30.08,26.788113,120000
2016-05-26,30.190001,30.530001,29.99,30.219999,26.912792,197500
2016-05-27,30.32,30.360001,29.57,29.860001,26.592186,265000
2016-05-31,29.98,30.32,29.780001,29.85,26.583281,219200
2016-06-01,29.709999,29.92,29.33,29.889999,26.618902,348200
2016-06-02,29.75,29.82,29.08,29.24,26.040037,275200
2016-06-03,29.08,29.280001,28.59,29.25,26.048943,226900
2016-06-06,29.200001,30.0,29.16,29.809999,26.547661,153000
2016-06-07,29.73,29.83,29.459999,29.52,26.289396,87600
2016-06-08,29.610001,29.93,29.51,29.889999,26.618902,123100
2016-06-09,29.67,30.049999,29.25,29.75,26.494226,129700
2016-06-10,29.459999,29.879999,29.440001,29.73,26.476414,96100
2016-06-13,29.629999,29.75,29.17,29.26,26.057846,96900
2016-06-14,29.120001,29.549999,28.950001,29.049999,25.870838,89700
2016-06-15,29.059999,29.360001,28.719999,28.76,25.612572,80800
2016-06-16,28.52,29.0,28.459999,28.950001,25.781776,93900
2016-06-17,29.030001,29.719999,28.290001,28.4,25.291967,465100
2016-06-20,28.82,29.32,28.49,28.879999,25.719437,125600
2016-06-21,29.120001,29.360001,28.809999,29.16,25.968794,110700
2016-06-22,29.139999,29.42,29.049999,29.07,25.888643,82200
2016-06-23,29.48,29.74,29.290001,29.610001,26.369547,78500
2016-06-24,28.440001,28.940001,27.889999,27.93,24.873405,809900
2016-06-27,27.700001,27.799999,27.120001,27.139999,24.169863,189200
2016-06-28,27.530001,27.790001,27.25,27.4,24.401402,170200
2016-06-29,27.629999,28.16,27.629999,28.139999,25.060423,114900
2016-06-30,28.07,29.030001,28.07,29.02,25.844122,174300
2016-07-01,28.709999,29.07,28.6,28.77,25.621475,139000
2016-07-05,28.49,29.0,28.469999,28.950001,25.781776,177300
2016-07-06,28.76,29.23,28.76,29.120001,25.93317,96200
2016-07-07,29.139999,29.6,29.139999,29.290001,26.084568,94700
2016-07-08,29.65,29.969999,29.26,29.9,26.627813,142100
2016-07-11,30.299999,30.950001,30.27,30.700001,27.340261,185000
2016-07-12,30.98,31.0,30.610001,30.690001,27.331358,141600
2016-07-13,30.799999,31.120001,30.700001,30.98,27.589622,141200
2016-07-14,30.98,31.43,30.780001,30.950001,27.562902,139300
2016-07-15,31.0,31.200001,30.6,31.059999,27.660862,122900
2016-07-18,31.030001,31.209999,30.780001,30.799999,27.429317,118900
2016-07-19,30.629999,30.73,30.43,30.709999,27.349165,183600
2016-07-20,30.709999,30.879999,30.58,30.780001,27.411509,166000
2016-07-21,30.74,30.790001,30.43,30.76,27.393696,168800
2016-07-22,30.700001,31.280001,30.700001,31.26,27.83897,111600
2016-07-25,31.200001,31.43,31.200001,31.389999,27.954748,131600
2016-07-26,31.51,31.790001,31.4,31.77,28.293161,137700
2016-07-27,31.969999,32.029999,31.690001,31.969999,28.471275,203400
2016-07-28,31.559999,31.559999,29.190001,29.65,26.405172,517800
2016-07-29,29.52,29.52,28.24,28.52,25.398836,368200
2016-08-01,28.51,28.51,27.25,27.67,24.641857,287500
2016-08-02,27.68,28.219999,27.639999,27.870001,24.819969,283800
2016-08-03,28.02,28.17,27.67,27.799999,24.757629,212400
2016-08-04,27.77,27.950001,27.6,27.799999,24.757629,297300
2016-08-05,28.02,28.65,27.01,28.620001,25.487894,237500
2016-08-08,28.549999,28.780001,28.48,28.639999,25.586161,192300
2016-08-09,28.790001,28.91,28.52,28.540001,25.49682,147300
2016-08-10,28.73,28.860001,28.530001,28.65,25.595093,143900
2016-08-11,28.790001,28.870001,28.360001,28.58,25.532558,153800
2016-08-12,28.549999,28.610001,28.440001,28.52,25.478958,104600
2016-08-15,28.5,28.860001,28.5,28.73,25.666565,103400
2016-08-16,28.75,28.83,28.57,28.610001,25.559361,203700
2016-08-17,28.58,28.700001,28.33,28.469999,25.43429,211900
2016-08-18,28.66,28.77,28.469999,28.65,25.595093,111300
2016-08-19,28.58,28.82,28.34,28.809999,25.738033,119400
2016-08-22,28.85,28.9,28.549999,28.790001,25.720171,200700
2016-08-23,29.0,29.08,28.52,28.57,25.523624,114500
2016-08-24,28.629999,28.870001,28.5,28.610001,25.559361,178000
2016-08-25,28.82,29.01,28.4,29.0,25.907778,135500
2016-08-26,29.0,29.290001,28.75,29.25,26.131119,376700
2016-08-29,29.23,29.780001,29.23,29.66,26.497406,108000
2016-08-30,29.709999,30.040001,29.700001,30.0,26.801147,94400
2016-08-31,30.059999,30.58,30.059999,30.469999,27.221031,177400
2016-09-01,30.459999,30.639999,30.09,30.639999,27.372906,163400
2016-09-02,30.780001,30.780001,30.459999,30.620001,27.355038,123700
2016-09-06,30.690001,30.77,30.27,30.690001,27.417576,188800
2016-09-07,30.639999,31.01,30.639999,30.950001,27.649857,113400
2016-09-08,30.98,30.98,30.73,30.780001,27.497976,89400
2016-09-09,30.780001,30.780001,29.879999,29.9,26.711813,82900
2016-09-12,29.68,30.0,29.389999,29.93,26.738613,162200
2016-09-13,29.639999,29.83,29.540001,29.65,26.488468,118600
2016-09-14,29.700001,29.700001,29.09,29.09,25.98818,149900
2016-09-15,29.129999,29.58,29.07,29.4,26.265125,118900
2016-09-16,29.26,29.309999,28.92,29.049999,25.952448,139700
2016-09-19,29.059999,29.200001,28.809999,29.030001,25.934578,107600
2016-09-20,29.209999,29.620001,29.120001,29.41,26.274059,164100
2016-09-21,29.610001,30.360001,29.51,30.26,27.033426,124800
2016-09-22,30.26,31.139999,30.26,30.860001,27.56945,172600
2016-09-23,30.639999,30.9,30.610001,30.65,27.381838,98100
2016-09-26,30.459999,30.51,29.83,29.91,26.720745,118400
2016-09-27,29.969999,30.0,29.66,29.9,26.711813,182000
2016-09-28,29.959999,30.15,29.74,30.139999,26.926222,111800
2016-09-29,29.969999,30.18,29.780001,29.809999,26.631403,65700
2016-09-30,29.950001,29.99,29.67,29.83,26.649275,134700
2016-10-03,29.67,30.0,29.4,30.0,26.801147,169300
2016-10-04,29.950001,29.99,29.25,29.440001,26.300861,149900
2016-10-05,29.49,30.219999,29.49,29.969999,26.774347,225500
2016-10-06,30.02,30.02,29.34,29.76,26.586735,102700
2016-10-07,29.84,30.27,29.84,30.219999,26.997684,79000
2016-10-10,30.379999,30.6,30.07,30.34,27.104893,67500
2016-10-11,30.34,30.48,30.08,30.209999,26.988752,77500
2016-10-12,30.15,30.75,30.15,30.459999,27.212095,77400
2016-10-13,30.24,30.709999,30.190001,30.49,27.238899,88500
2016-10-14,30.73,30.92,30.629999,30.66,27.390776,68100
2016-10-17,30.6,31.0,30.6,30.75,27.471176,63900
2016-10-18,31.0,31.299999,30.75,30.799999,27.515841,70300
2016-10-19,30.950001,31.25,30.799999,31.1,27.783861,66400
2016-10-20,31.1,31.1,30.799999,31.049999,27.739191,107900
2016-10-21,30.65,30.9,30.5,30.9,27.605181,102900
2016-10-24,31.0,31.299999,30.950001,31.1,27.783861,93800
2016-10-25,31.25,31.25,30.65,30.85,27.560518,93900
2016-10-26,30.85,31.1,30.6,30.75,27.471176,84100
2016-10-27,31.5,31.85,31.049999,31.35,28.007206,91100
2016-10-28,31.25,31.6,30.700001,31.049999,27.739191,145100
2016-10-31,31.1,31.35,30.65,31.35,28.007206,145300
2016-11-01,31.25,31.25,30.1,30.15,26.935154,124500
2016-11-02,30.200001,30.450001,29.85,29.950001,26.756481,104900
2016-11-03,29.950001,30.200001,29.6,29.799999,26.622469,107600
2016-11-04,29.799999,30.25,29.549999,30.0,26.801147,80800
2016-11-07,30.450001,30.450001,29.950001,30.1,26.971399,85700
2016-11-08,30.0,30.9,30.0,30.75,27.553839,83800
2016-11-09,31.35,32.099998,30.450001,31.950001,28.629112,159500
2016-11-10,32.0,32.900002,31.950001,32.5,29.121941,253900
2016-11-11,32.450001,33.75,32.450001,33.349998,29.883591,294200
2016-11-14,33.599998,34.200001,33.099998,33.25,29.793987,252600
2016-11-15,33.299999,33.5,33.0,33.299999,29.838789,129800
2016-11-16,33.349998,34.099998,33.25,34.049999,30.51083,112600
2016-11-17,34.099998,34.599998,33.849998,33.950001,30.421228,108500
2016-11-18,34.25,35.299999,34.25,35.299999,31.630913,178500
2016-11-21,35.450001,35.650002,34.900002,35.400002,31.720524,105400
2016-11-22,35.700001,36.099998,35.549999,35.950001,32.213356,116500
2016-11-23,36.049999,36.400002,35.799999,36.25,32.482166,119500
2016-11-25,36.200001,36.450001,36.150002,36.299999,32.526974,68800
2016-11-28,36.200001,36.900002,36.049999,36.150002,32.392563,168100
2016-11-29,36.349998,36.5,35.950001,36.049999,32.302956,79100
2016-11-30,35.75,36.299999,35.299999,35.349998,31.67572,160100
2016-12-01,35.5,36.049999,35.25,35.849998,32.123749,111200
2016-12-02,35.299999,35.650002,34.880001,35.349998,31.67572,122900
2016-12-05,35.549999,35.849998,35.400002,35.799999,32.078938,102300
2016-12-06,35.900002,36.400002,35.759998,36.349998,32.57177,118200
2016-12-07,36.450001,36.900002,36.349998,36.650002,32.840595,100000
2016-12-08,36.849998,37.200001,36.450001,37.150002,33.288616,158200
2016-12-09,37.150002,37.5,36.950001,37.5,33.602249,107800
2016-12-12,37.400002,37.450001,36.25,36.700001,32.885391,204900
2016-12-13,36.75,37.200001,36.650002,36.75,32.930199,88900
2016-12-14,36.75,37.049999,36.349998,36.400002,32.616581,93600
2016-12-15,36.299999,37.150002,36.25,37.150002,33.288616,260600
2016-12-16,37.25,37.349998,36.650002,36.650002,32.840595,947100
2016-12-19,36.549999,37.650002,36.450001,37.549999,33.647041,161400
2016-12-20,37.599998,38.200001,37.299999,38.099998,34.13987,341200
2016-12-21,38.099998,38.799999,37.900002,38.549999,34.54311,142500
2016-12-22,38.5,38.900002,38.299999,38.799999,34.76712,133500
2016-12-23,38.849998,39.049999,38.700001,38.950001,34.901531,91800
2016-12-27,39.0,39.299999,38.599998,39.099998,35.035931,95800
2016-12-28,39.200001,39.349998,38.98,39.349998,35.259945,137500
2016-12-29,39.450001,39.650002,39.029999,39.599998,35.483967,175700
2016-12-30,39.549999,39.75,39.25,39.599998,35.483967,203200
2017-01-03,39.799999,40.200001,39.0,40.200001,36.021603,289100
2017-01-04,40.200001,40.549999,39.950001,40.150002,35.976791,228200
2017-01-05,39.950001,39.950001,38.75,39.049999,34.991138,139800
2017-01-06,39.349998,40.0,39.049999,39.650002,35.52877,128800
2017-01-09,39.5,39.5,38.5,38.549999,34.54311,209800
2017-01-10,38.5,39.349998,38.200001,39.349998,35.259945,245600
2017-01-11,39.400002,39.799999,39.029999,39.349998,35.259945,165400
2017-01-12,39.299999,39.299999,38.099998,38.349998,34.363895,171200
2017-01-13,38.450001,39.150002,38.169998,38.200001,34.229485,135300
2017-01-17,37.700001,38.0,37.25,37.25,33.378223,161100
2017-01-18,37.5,38.130001,37.200001,37.950001,34.005466,181900
2017-01-19,38.0,38.200001,37.150002,37.5,33.602249,122900
2017-01-20,37.5,37.700001,37.25,37.450001,33.557434,117000
2017-01-23,37.5,37.599998,37.150002,37.400002,33.512642,86900
2017-01-24,37.5,37.700001,37.200001,37.349998,33.467838,130700
2017-01-25,37.650002,38.099998,37.599998,37.799999,33.871063,66400
2017-01-26,37.75,37.75,37.349998,37.5,33.602249,52900
2017-01-27,37.5,37.5,36.849998,37.049999,33.19902,109600
2017-01-30,36.849998,36.900002,36.25,36.400002,32.616581,75200
2017-01-31,36.400002,36.700001,36.0,36.450001,32.661373,116500
2017-02-01,36.599998,36.950001,36.450001,36.599998,32.795792,90500
2017-02-02,36.599998,37.0,36.150002,36.400002,32.616581,70800
2017-02-03,36.799999,36.950001,36.450001,36.75,32.930199,79300
2017-02-06,36.5,36.700001,36.299999,36.5,32.706177,101700
2017-02-07,36.650002,37.0,36.25,36.450001,32.661373,84600
2017-02-08,36.150002,36.299999,35.599998,36.200001,32.437359,92600
2017-02-09,36.25,36.900002,36.25,36.650002,32.840595,96000
2017-02-10,36.799999,37.049999,36.650002,37.0,33.154213,47900
2017-02-13,37.25,37.43,36.849998,37.25,33.378223,67900
2017-02-14,36.950001,37.450001,36.950001,37.400002,33.512642,81200
2017-02-15,37.349998,37.549999,36.900002,37.450001,33.557434,52400
2017-02-16,37.5,37.599998,37.049999,37.349998,33.467838,95700
2017-02-17,37.5,37.5,36.200001,37.099998,33.243816,140600
2017-02-21,37.299999,37.599998,36.849998,37.549999,33.647041,85500
2017-02-22,37.299999,37.799999,37.200001,37.650002,33.736656,61900
2017-02-23,39.099998,39.400002,37.799999,39.049999,34.991138,167600
2017-02-24,38.549999,39.049999,37.700001,38.299999,34.319092,69100
2017-02-27,38.299999,38.450001,37.950001,38.400002,34.408691,127200
2017-02-28,38.099998,38.150002,37.450001,37.599998,33.69186,106100
2017-03-01,37.549999,38.75,37.400002,38.650002,34.632713,118300
2017-03-02,38.150002,38.75,37.900002,38.450001,34.453503,96300
2017-03-03,38.450001,38.849998,38.049999,38.799999,34.76712,108700
2017-03-06,38.400002,38.650002,38.299999,38.400002,34.542236,128900
2017-03-07,38.349998,38.349998,38.029999,38.299999,34.452286,50600
2017-03-08,38.599998,38.599998,37.580002,37.599998,33.822609,68500
2017-03-09,37.849998,38.049999,37.599998,37.599998,33.822609,102000
2017-03-10,37.849998,37.900002,37.5,37.799999,34.002514,69300
2017-03-13,37.799999,38.049999,37.5,37.799999,34.002514,47700
2017-03-14,37.650002,38.029999,37.549999,37.849998,34.047489,44700
2017-03-15,37.950001,38.799999,37.799999,38.5,34.632191,154600
2017-03-16,38.75,38.75,38.150002,38.400002,34.542236,121400
2017-03-17,38.349998,38.349998,37.349998,38.299999,34.452286,333600
2017-03-20,38.25,38.599998,37.650002,38.299999,34.452286,185200
2017-03-21,38.549999,38.549999,36.849998,36.900002,33.192936,126700
2017-03-22,36.349998,36.799999,35.900002,36.299999,32.653202,133000
2017-03-23,36.400002,36.950001,36.299999,36.599998,32.923065,76900
2017-03-24,36.650002,36.950001,36.23,36.400002,32.74316,107200
2017-03-27,36.049999,36.700001,36.049999,36.650002,32.968052,61100
2017-03-28,36.650002,37.299999,36.549999,37.299999,33.552746,121300
2017-03-29,37.25,37.349998,36.849998,37.0,33.282883,61900
2017-03-30,37.0,38.0,37.0,37.849998,34.047489,110100
2017-03-31,37.75,38.099998,37.549999,37.950001,34.137444,126400
2017-04-03,38.0,38.099998,36.5,37.150002,33.417812,151400
2017-04-04,37.349998,37.75,37.099998,37.5,33.732655,92600
2017-04-05,37.849998,38.099998,36.75,36.849998,33.147934,102700
2017-04-06,37.0,37.099998,36.5,36.950001,33.237904,99900
2017-04-07,36.950001,37.049999,36.599998,36.900002,33.192936,70300
2017-04-10,36.799999,37.349998,36.5,37.25,33.507774,71600
2017-04-11,37.0,38.049999,36.900002,38.0,34.182419,116500
2017-04-12,37.950001,38.049999,37.25,37.700001,33.91256,98200
2017-04-13,37.599998,37.599998,36.849998,36.849998,33.147934,66300
2017-04-17,37.099998,37.900002,37.099998,37.900002,34.092468,103500
2017-04-18,37.75,38.0,37.349998,37.950001,34.137444,99800
2017-04-19,38.150002,38.75,37.900002,38.049999,34.227406,76700
2017-04-20,38.150002,38.799999,37.950001,38.75,34.857079,84100
2017-04-21,38.5,39.0,38.450001,38.950001,35.036983,145400
2017-04-24,39.200001,40.150002,38.849998,39.299999,35.351818,193300
2017-04-25,39.700001,40.349998,39.450001,39.5,35.531723,158500
2017-04-26,39.349998,40.75,39.349998,40.200001,36.161404,134900
2017-04-27,40.25,40.650002,39.599998,39.599998,35.621685,106100
2017-04-28,39.75,40.349998,39.650002,40.0,35.981495,125600
2017-05-01,40.25,41.130001,39.950001,41.0,36.881031,142800
2017-05-02,41.049999,41.599998,40.950001,41.299999,37.150898,128200
2017-05-03,41.200001,41.75,41.200001,41.5,37.330799,117400
2017-05-04,41.75,41.900002,41.400002,41.799999,37.60067,76500
2017-05-05,41.849998,41.950001,40.549999,40.799999,36.70113,112100
2017-05-08,40.700001,40.790001,39.799999,40.0,36.114269,88500
2017-05-09,40.150002,40.450001,40.0,40.349998,36.430271,187300
2017-05-10,40.349998,40.799999,40.299999,40.549999,36.610844,91400
2017-05-11,40.450001,40.450001,40.029999,40.25,36.339985,60800
2017-05-12,40.049999,40.099998,39.07,39.200001,35.391994,78700
2017-05-15,39.400002,40.099998,39.400002,40.099998,36.204556,134900
2017-05-16,40.099998,40.400002,39.799999,40.25,36.339985,129300
2017-05-17,40.25,40.25,39.400002,39.650002,35.798275,148000
2017-05-18,39.5,40.299999,39.299999,39.799999,35.933701,144400
2017-05-19,39.799999,40.450001,39.799999,39.950001,36.069122,330300
2017-05-22,40.0,40.349998,39.75,40.150002,36.249691,62600
2017-05-23,40.349998,40.5,39.900002,40.450001,36.520557,110900
2017-05-24,40.450001,40.75,39.700001,40.150002,36.249691,137000
2017-05-25,40.200001,40.450001,39.900002,40.349998,36.430271,234400
2017-05-26,40.349998,40.450001,39.950001,39.950001,36.069122,80900
2017-05-30,39.849998,40.0,39.25,39.900002,36.023991,66900
2017-05-31,40.0,40.130001,39.450001,40.049999,36.159412,75400
2017-06-01,40.099998,40.849998,40.0,40.849998,36.881687,97400
2017-06-02,40.900002,41.75,40.799999,41.349998,37.333122,95800
2017-06-05,41.25,41.400002,40.450001,40.450001,36.520557,67700
2017-06-06,40.25,40.75,39.950001,40.400002,36.47541,97300
2017-06-07,40.549999,41.25,40.150002,41.25,37.24284,91500
2017-06-08,41.150002,42.5,40.650002,41.950001,37.874844,112700
2017-06-09,42.099998,42.849998,41.849998,42.700001,38.551979,146900
2017-06-12,42.450001,43.549999,41.450001,41.700001,37.64912,197600
2017-06-13,41.799999,42.049999,41.549999,42.0,37.919987,61300
2017-06-14,41.849998,41.900002,41.299999,41.900002,37.829693,58600
2017-06-15,41.400002,42.049999,41.400002,41.950001,37.874844,75900
2017-06-16,41.400002,42.349998,41.400002,42.349998,38.235973,191200
2017-06-19,42.549999,42.549999,41.849998,42.349998,38.235973,66800
2017-06-20,42.200001,42.650002,41.25,41.5,37.468544,72400
2017-06-21,41.650002,41.75,41.150002,41.450001,37.423409,60700
2017-06-22,41.25,41.450001,40.799999,41.200001,37.197693,43600
2017-06-23,41.400002,41.400002,40.900002,41.150002,37.152557,249100
2017-06-26,41.25,41.799999,41.049999,41.799999,37.739407,70700
2017-06-27,41.75,42.299999,41.5,42.25,38.145691,111000
2017-06-28,42.599998,43.150002,42.5,42.900002,38.732563,111600
2017-06-29,43.25,43.25,42.099998,42.700001,38.551979,62400
2017-06-30,42.799999,42.799999,42.130001,42.299999,38.190842,60700
2017-07-03,42.450001,43.75,41.889999,43.5,39.274265,57700
2017-07-05,43.299999,43.349998,42.450001,42.549999,38.41655,59800
2017-07-06,42.5,42.599998,42.0,42.299999,38.190842,68400
2017-07-07,42.450001,43.400002,42.25,43.25,39.048557,82900
2017-07-10,42.900002,43.049999,42.25,42.450001,38.326267,97100
2017-07-11,42.5,42.5,41.900002,42.150002,38.055408,89100
2017-07-12,42.25,42.450001,41.900002,42.25,38.145691,58800
2017-07-13,42.349998,42.400002,41.950001,42.200001,38.100559,74100
2017-07-14,42.0,42.450001,41.900002,42.349998,38.235973,88200
2017-07-17,42.349998,42.849998,42.049999,42.650002,38.50684,81000
2017-07-18,42.299999,43.049999,42.25,43.0,38.82283,77200
2017-07-19,43.0,43.799999,42.799999,43.75,39.499981,79900
2017-07-20,43.700001,44.25,43.099998,43.849998,39.590263,65300
2017-07-21,44.25,44.549999,43.450001,43.650002,39.409691,68100
2017-07-24,43.650002,43.799999,43.150002,43.700001,39.454838,41100
2017-07-25,43.950001,44.450001,43.599998,43.950001,39.680557,123000
2017-07-26,44.0,44.0,43.400002,43.450001,39.229126,41300
2017-07-27,44.549999,44.549999,42.549999,43.299999,39.093697,88400
2017-07-28,43.25,44.099998,42.349998,43.75,39.499981,65000
2017-07-31,44.0,44.0,43.049999,43.349998,39.13884,96000
2017-08-01,43.450001,43.849998,43.099998,43.799999,39.54512,47700
2017-08-02,43.599998,43.700001,43.150002,43.349998,39.13884,78200
2017-08-03,43.349998,43.5,42.950001,43.049999,38.867981,109000
2017-08-04,43.25,43.400002,43.0,43.349998,39.13884,54000
2017-08-07,43.200001,43.349998,42.599998,42.650002,38.640541,46000
2017-08-08,42.599998,43.099998,42.400002,42.450001,38.459347,61700
2017-08-09,42.200001,42.75,42.150002,42.700001,38.685841,89500
2017-08-10,42.400002,43.150002,42.400002,42.900002,38.867054,99900
2017-08-11,41.799999,43.200001,41.799999,42.150002,38.187546,104100
2017-08-14,42.349998,42.950001,41.099998,42.950001,38.912342,44600
2017-08-15,43.0,43.200001,42.349998,42.400002,38.414051,40500
2017-08-16,42.599998,43.400002,42.25,42.349998,38.368744,52200
2017-08-17,42.25,42.599998,41.900002,42.549999,38.549942,103200
2017-08-18,42.150002,42.400002,41.75,41.799999,37.870449,73900
2017-08-21,41.799999,41.900002,41.5,41.799999,37.870449,43600
2017-08-22,42.0,42.150002,41.5,41.849998,37.915752,47900
2017-08-23,41.650002,42.049999,41.650002,41.700001,37.779858,48200
2017-08-24,41.75,41.799999,41.200001,41.25,37.37215,33200
2017-08-25,41.450001,41.799999,41.150002,41.599998,37.689255,37400
2017-08-28,41.599998,41.599998,41.049999,41.200001,37.326855,97700
2017-08-29,41.200001,41.950001,41.099998,41.849998,37.915752,78500
2017-08-30,41.900002,42.5,41.849998,41.950001,38.006355,108000
2017-08-31,42.049999,42.150002,41.650002,42.150002,38.187546,79200
2017-09-01,42.150002,42.650002,42.150002,42.450001,38.459347,47300
2017-09-05,42.450001,42.650002,40.200001,40.299999,36.511463,169100
2017-09-06,40.299999,40.599998,39.950001,40.0,36.239662,160300
2017-09-07,39.900002,40.0,38.700001,39.75,36.013168,102600
2017-09-08,39.599998,41.200001,39.349998,40.75,36.919163,52200
2017-09-11,40.799999,41.700001,40.799999,41.349998,37.462757,65600
2017-09-12,41.450001,41.5,40.799999,40.900002,37.055058,75800
2017-09-13,40.650002,40.950001,40.349998,40.75,36.919163,74600
2017-09-14,40.849998,40.849998,40.450001,40.700001,36.873863,56000
2017-09-15,41.5,41.549999,40.799999,41.299999,37.417458,199100
2017-09-18,41.349998,42.049999,41.099998,41.799999,37.870449,106000
2017-09-19,42.25,42.650002,42.049999,42.049999,38.096947,109400
2017-09-20,42.099998,42.950001,41.950001,42.75,38.731152,82400
2017-09-21,42.75,43.25,42.049999,42.950001,38.912342,65400
2017-09-22,42.700001,43.450001,42.700001,43.099998,39.048244,72600
2017-09-25,43.049999,43.549999,42.950001,43.349998,39.274734,89900
2017-09-26,43.450001,44.279999,43.049999,44.25,40.090122,100700
2017-09-27,44.549999,45.900002,44.200001,45.549999,41.267914,112200
2017-09-28,45.450001,45.849998,44.950001,45.599998,41.313217,90800
2017-09-29,45.450001,45.549999,44.950001,45.450001,41.177326,112700
2017-10-02,45.299999,46.299999,45.150002,46.099998,41.76622,174300
2017-10-03,46.099998,46.299999,45.700001,46.150002,41.811508,175600
2017-10-04,46.150002,46.349998,45.700001,45.799999,41.494419,47500
2017-10-05,45.849998,46.299999,45.200001,46.150002,41.811508,99500
2017-10-06,46.099998,46.599998,45.950001,46.400002,42.038013,47000
2017-10-09,46.400002,46.799999,45.849998,46.0,41.675606,59000
2017-10-10,46.200001,46.349998,46.150002,46.299999,41.947411,56600
2017-10-11,46.299999,46.900002,46.200001,46.5,42.128609,95300
2017-10-12,46.650002,46.950001,46.349998,46.599998,42.219208,89800
2017-10-13,46.700001,47.150002,46.599998,46.849998,42.445702,57200
2017-10-16,47.0,47.25,46.5,47.200001,42.762802,63400
2017-10-17,47.200001,47.200001,46.150002,46.400002,42.038013,56400
2017-10-18,46.599998,46.799999,46.299999,46.450001,42.083309,104300
2017-10-19,46.299999,46.75,45.849998,46.700001,42.309814,50500
2017-10-20,47.200001,47.25,46.25,46.349998,41.992718,85900
2017-10-23,46.450001,46.5,45.549999,45.700001,41.403816,132100
2017-10-24,45.75,46.150002,45.490002,45.5,41.22263,71100
2017-10-25,45.5,45.75,45.200001,45.549999,41.267914,68100
2017-10-26,45.700001,46.900002,45.700001,46.799999,42.400406,61900
2017-10-27,46.799999,47.75,46.25,47.75,43.261097,100000
2017-10-30,47.75,47.75,46.450001,47.0,42.581608,111100
2017-10-31,47.200001,47.849998,47.150002,47.700001,43.215805,157100
2017-11-01,48.200001,48.299999,47.349998,47.799999,43.306396,119800
2017-11-02,47.799999,49.599998,47.799999,48.400002,43.849991,109100
2017-11-03,48.400002,48.849998,48.049999,48.599998,44.031189,86500
2017-11-06,48.400002,48.799999,48.150002,48.25,43.7141,48200
2017-11-07,48.299999,48.5,47.450001,47.799999,43.441444,58800
2017-11-08,47.650002,48.099998,47.349998,48.049999,43.668663,70700
2017-11-09,47.799999,48.299999,47.299999,48.0,43.623219,73500
2017-11-10,47.950001,48.599998,47.700001,47.900002,43.532337,106400
2017-11-13,47.799999,47.900002,47.400002,47.599998,43.259686,125700
2017-11-14,47.349998,47.950001,47.25,47.849998,43.486889,61600
2017-11-15,47.450001,47.900002,47.200001,47.75,43.396011,76800
2017-11-16,47.849998,48.25,47.73,48.0,43.623219,132400
2017-11-17,47.75,48.25,47.5,48.099998,43.714096,107300
2017-11-20,48.299999,48.5,47.849998,48.450001,44.032181,114300
2017-11-21,48.599998,49.650002,48.5,49.349998,44.850113,122100
2017-11-22,49.299999,49.549999,48.849998,48.900002,44.441147,67000
2017-11-24,49.0,49.0,48.400002,48.599998,44.168503,78900
2017-11-27,48.900002,48.950001,48.549999,48.549999,44.123058,152900
2017-11-28,48.75,50.049999,48.650002,50.0,45.440842,125100
2017-11-29,50.200001,50.450001,48.849998,49.650002,45.122772,135200
2017-11-30,49.950001,49.950001,48.599998,49.0,44.532032,113600
2017-12-01,49.099998,49.099998,47.150002,48.700001,44.259392,74600
2017-12-04,49.299999,49.349998,48.450001,48.599998,44.168503,59400
2017-12-05,48.599998,48.75,48.150002,48.200001,43.804981,74900
2017-12-06,48.150002,48.450001,47.900002,48.200001,43.804981,64400
2017-12-07,48.200001,48.700001,48.200001,48.5,44.077625,126300
2017-12-08,48.650002,48.650002,47.93,48.150002,43.759537,70800
2017-12-11,48.150002,48.150002,47.25,47.25,42.941605,59900
2017-12-12,47.25,47.5,47.0,47.0,42.714401,100100
2017-12-13,46.950001,47.200001,46.400002,46.5,42.259995,80500
2017-12-14,46.599998,46.75,45.860001,46.049999,41.851017,102400
2017-12-15,46.099998,47.5,45.900002,47.0,42.714401,491200
2017-12-18,47.299999,47.849998,47.049999,47.150002,42.850719,103300
2017-12-19,47.200001,47.400002,46.150002,46.25,42.032787,63900
2017-12-20,46.5,46.549999,45.099998,45.150002,41.033085,97100
2017-12-21,45.099998,45.450001,45.099998,45.200001,41.078526,72600
2017-12-22,45.150002,45.150002,44.849998,44.900002,40.805889,35700
2017-12-26,44.900002,45.150002,44.549999,44.599998,40.533241,58800
2017-12-27,44.549999,44.799999,44.349998,44.549999,40.487793,76600
2017-12-28,44.549999,44.93,44.349998,44.650002,40.578678,96600
2017-12-29,44.75,44.849998,44.400002,44.400002,40.351471,96700
2018-01-02,44.549999,44.549999,43.349998,43.400002,39.442665,129200
2018-01-03,43.400002,43.599998,43.099998,43.25,39.306332,66800
2018-01-04,43.349998,43.849998,43.25,43.25,39.306332,68900
2018-01-05,43.299999,43.799999,42.75,43.75,39.760742,114800
2018-01-08,43.75,43.849998,43.25,43.450001,39.488094,120200
2018-01-09,43.450001,43.799999,42.349998,42.349998,38.488403,95800
2018-01-10,42.450001,43.25,42.349998,42.799999,38.897362,97900
2018-01-11,42.799999,43.349998,42.799999,43.200001,39.260895,110500
2018-01-12,43.200001,43.75,43.049999,43.200001,39.260895,60700
2018-01-16,43.400002,43.599998,42.799999,42.799999,38.897362,84900
2018-01-17,42.799999,43.900002,42.599998,43.650002,39.669868,123300
2018-01-18,43.700001,43.75,42.900002,42.950001,39.033695,70100
2018-01-19,42.799999,43.799999,42.799999,43.75,39.760742,136000
2018-01-22,43.700001,44.150002,43.200001,43.400002,39.442665,56400
2018-01-23,43.299999,43.950001,42.700001,43.599998,39.62442,198200
2018-01-24,43.75,43.799999,43.200001,43.200001,39.260895,91500
2018-01-25,43.5,43.5,43.080002,43.400002,39.442665,146300
2018-01-26,43.549999,43.75,42.849998,43.200001,39.260895,129700
2018-01-29,43.099998,43.400002,42.299999,42.299999,38.442963,141900
2018-01-30,42.0,43.150002,41.799999,43.0,39.079132,242800
2018-01-31,43.150002,43.75,41.900002,42.400002,38.533836,138500
2018-02-01,42.299999,43.25,42.200001,43.099998,39.170013,110700
2018-02-02,42.900002,43.450001,42.900002,43.0,39.079132,78500
2018-02-05,42.700001,43.200001,41.400002,41.5,37.7159,153500
2018-02-06,41.099998,41.700001,40.349998,41.299999,37.534142,200100
2018-02-07,41.200001,41.650002,41.0,41.200001,37.443264,180700
2018-02-08,41.200001,41.75,40.299999,40.400002,36.716202,201200
2018-02-09,40.75,41.349998,40.599998,41.0,37.261494,218700
2018-02-12,41.099998,41.099998,39.900002,40.599998,36.897968,150600
2018-02-13,40.400002,40.75,40.25,40.549999,36.852531,61700
2018-02-14,40.299999,41.0,40.299999,40.849998,37.125172,144300
2018-02-15,41.049999,41.099998,40.400002,40.650002,36.943413,77700
2018-02-16,40.599998,41.25,40.599998,40.900002,37.170612,139600
2018-02-20,40.849998,41.150002,39.98,40.150002,36.489002,134500
2018-02-21,40.150002,41.0,40.150002,40.5,36.807091,77400
2018-02-22,43.0,44.650002,42.650002,43.049999,39.124565,331600
2018-02-23,43.0,43.0,40.349998,40.5,36.807091,145400
2018-02-26,40.549999,42.040001,40.549999,41.650002,37.85223,164300
2018-02-27,41.549999,41.650002,40.150002,40.150002,36.489002,168000
2018-02-28,40.150002,40.450001,39.099998,39.150002,35.580185,203400
2018-03-01,39.049999,39.200001,38.349998,38.799999,35.262096,162400
2018-03-02,38.599998,39.25,38.349998,39.0,35.443859,129300
2018-03-05,39.0,40.0,38.880001,39.700001,36.080032,113500
2018-03-06,39.599998,39.650002,38.950001,39.400002,35.988697,177700
2018-03-07,39.200001,40.349998,39.200001,40.299999,36.810768,192900
2018-03-08,40.349998,40.549999,39.799999,39.900002,36.445408,243300
2018-03-09,40.049999,40.669998,39.849998,40.5,36.993458,203400
2018-03-12,40.549999,41.400002,40.549999,41.299999,37.72419,173500
2018-03-13,41.400002,41.849998,41.099998,41.150002,37.587173,166600
2018-03-14,41.200001,41.25,40.25,40.299999,36.810768,189800
2018-03-15,40.349998,40.900002,40.150002,40.75,37.221809,300000
2018-03-16,40.700001,40.849998,40.25,40.549999,37.039124,462400
2018-03-19,40.549999,40.650002,40.150002,40.299999,36.810768,204600
2018-03-20,40.400002,41.400002,40.299999,41.0,37.450157,148200
2018-03-21,40.950001,41.150002,40.650002,40.700001,37.176136,71400
2018-03-22,40.450001,40.950001,39.900002,40.0,36.536747,196500
2018-03-23,40.200001,40.599998,39.650002,39.650002,36.217049,127400
2018-03-26,40.150002,40.450001,39.450001,40.450001,36.947777,106000
2018-03-27,40.650002,40.650002,39.900002,39.900002,36.445408,137900
2018-03-28,39.950001,40.549999,39.849998,40.299999,36.810768,215300
2018-03-29,40.5,40.900002,40.0,40.450001,36.947777,148300
2018-04-02,40.299999,40.5,39.25,39.5,36.080029,87100
2018-04-03,39.650002,41.0,39.400002,40.900002,37.358818,210500
2018-04-04,40.650002,41.950001,40.400002,41.799999,38.180897,180300
2018-04-05,42.0,42.0,41.099998,41.299999,37.72419,164700
2018-04-06,41.150002,41.549999,40.700001,40.900002,37.358818,77000
2018-04-09,41.049999,41.5,40.349998,40.549999,37.039124,171400
2018-04-10,40.799999,41.299999,40.650002,41.150002,37.587173,127400
2018-04-11,40.900002,41.299999,40.799999,41.299999,37.72419,73000
2018-04-12,41.5,41.549999,41.0,41.150002,37.587173,56400
2018-04-13,41.400002,41.450001,40.849998,41.299999,37.72419,61100
2018-04-16,41.549999,42.25,41.400002,41.950001,38.317909,122800
2018-04-17,42.25,42.25,41.700001,41.700001,38.089554,135700
2018-04-18,41.849998,42.0,41.48,41.549999,37.952545,96300
2018-04-19,41.450001,42.049999,41.25,41.599998,37.998215,79400
2018-04-20,41.450001,41.799999,41.299999,41.5,37.906868,108200
2018-04-23,41.549999,41.700001,41.25,41.5,37.906868,57700
2018-04-24,41.650002,41.650002,40.709999,40.950001,37.404499,118400
2018-04-25,40.950001,41.25,40.549999,40.75,37.221809,129200
2018-04-26,40.549999,41.349998,40.0,41.200001,37.632854,115600
2018-04-27,41.299999,41.349998,41.049999,41.25,37.678516,102200
2018-04-30,41.450001,41.5,40.700001,40.900002,37.358818,217400
2018-05-01,40.900002,41.200001,40.599998,41.049999,37.495834,123700
2018-05-02,40.950001,40.950001,39.950001,40.349998,36.856438,136500
2018-05-03,40.299999,40.299999,39.099998,39.650002,36.217049,106300
2018-05-04,39.450001,40.349998,39.450001,40.0,36.536747,82400
2018-05-07,40.099998,40.5,39.75,40.099998,36.628086,45900
2018-05-08,39.599998,40.349998,39.599998,39.849998,36.58218,81800
2018-05-09,40.150002,40.299999,39.75,40.150002,36.857582,102900
2018-05-10,40.25,40.549999,40.060001,40.450001,37.132984,335700
2018-05-11,40.5,40.950001,40.5,40.549999,37.224785,90100
2018-05-14,40.549999,40.799999,39.450001,39.450001,36.214989,69700
2018-05-15,39.400002,39.799999,39.299999,39.5,36.260891,97600
2018-05-16,39.599998,40.400002,39.549999,40.099998,36.811691,136500
2018-05-17,40.0,40.75,39.700001,40.5,37.178879,146100
2018-05-18,40.75,40.98,40.549999,40.650002,37.316578,105100
2018-05-21,40.75,40.98,40.75,40.849998,37.500179,104300
2018-05-22,40.950001,41.150002,40.419998,40.599998,37.270676,142600
2018-05-23,40.599998,40.849998,40.419998,40.599998,37.270676,50800
2018-05-24,40.599998,40.599998,40.099998,40.450001,37.132984,174000
2018-05-25,40.450001,40.549999,40.150002,40.450001,37.132984,69700
2018-05-29,40.150002,40.25,39.400002,39.599998,36.352684,121900
2018-05-30,39.950001,40.450001,39.799999,40.200001,36.903477,179400
2018-05-31,40.200001,40.200001,39.450001,39.599998,36.352684,78900
2018-06-01,40.0,40.0,39.549999,39.799999,36.536285,87000
2018-06-04,40.0,40.150002,39.849998,39.950001,36.673992,110000
2018-06-05,39.900002,40.099998,39.349998,40.049999,36.765789,79400
2018-06-06,40.0,40.299999,39.849998,40.25,36.949387,216000
2018-06-07,40.400002,40.700001,40.099998,40.5,37.178879,88700
2018-06-08,40.400002,40.700001,40.200001,40.200001,36.903477,74400
2018-06-11,40.299999,40.799999,40.299999,40.75,37.408379,122000
2018-06-12,40.900002,40.900002,39.799999,40.150002,36.857582,111200
2018-06-13,40.150002,40.400002,40.0,40.200001,36.903477,66800
2018-06-14,40.349998,40.400002,39.950001,40.400002,37.087082,74200
2018-06-15,40.25,40.799999,40.0,40.799999,37.454285,209900
2018-06-18,40.5,40.900002,40.299999,40.799999,37.454285,107100
2018-06-19,40.299999,41.549999,40.299999,41.450001,38.05098,109800
2018-06-20,41.450001,42.049999,41.049999,41.049999,37.683777,154900
2018-06-21,41.099998,41.549999,40.900002,41.150002,37.775585,110700
2018-06-22,41.299999,41.5,40.799999,41.299999,37.913288,335600
2018-06-25,41.0,41.5,40.700001,41.099998,37.729687,94500
2018-06-26,41.099998,41.549999,40.650002,41.349998,37.959183,77100
2018-06-27,41.25,41.299999,40.349998,40.450001,37.132984,109600
2018-06-28,40.450001,40.849998,40.400002,40.599998,37.270676,60600
2018-06-29,40.700001,40.799999,40.099998,40.200001,36.903477,93200
2018-07-02,40.150002,40.549999,39.900002,40.5,37.178879,71600
2018-07-03,40.599998,40.849998,40.299999,40.400002,37.087082,51000
2018-07-05,40.400002,40.799999,39.900002,40.599998,37.270676,158000
2018-07-06,40.650002,40.700001,40.299999,40.5,37.178879,110400
2018-07-09,40.700001,41.150002,40.549999,41.049999,37.683777,104600
2018-07-10,41.25,41.549999,41.0,41.299999,37.913288,112400
2018-07-11,41.299999,41.549999,40.849998,41.400002,38.005085,72400
2018-07-12,41.599998,41.599998,41.0,41.0,37.637882,71100
2018-07-13,41.0,41.799999,41.0,41.549999,38.142784,93300
2018-07-16,41.450001,41.849998,41.450001,41.75,38.326385,75500
2018-07-17,41.700001,42.049999,41.650002,41.799999,38.372284,51900
2018-07-18,41.599998,42.150002,41.599998,41.75,38.326385,109400
2018-07-19,41.700001,41.799999,41.5,41.75,38.326385,66600
2018-07-20,41.799999,42.349998,41.599998,42.299999,38.83128,64100
2018-07-23,42.200001,42.400002,41.950001,42.049999,38.60178,99800
2018-07-24,42.049999,42.849998,42.049999,42.700001,39.198479,94100
2018-07-25,42.549999,42.799999,42.049999,42.75,39.244377,100100
2018-07-26,43.0,45.900002,42.349998,45.650002,41.90657,291800
2018-07-27,45.849998,46.700001,44.849998,45.349998,41.631172,138600
2018-07-30,45.450001,46.450001,45.450001,46.299999,42.503262,185700
2018-07-31,46.599998,46.650002,46.099998,46.450001,42.640968,110800
2018-08-01,46.450001,46.450001,45.650002,45.650002,41.90657,80200
2018-08-02,45.599998,45.799999,45.200001,45.400002,41.677071,69800
2018-08-03,45.5,45.5,43.950001,44.200001,40.575474,110000
2018-08-06,44.25,44.75,44.099998,44.349998,40.713181,187000
2018-08-07,44.049999,44.450001,43.25,43.25,39.883236,98800
2018-08-08,43.25,43.900002,42.900002,43.75,40.344307,109400
2018-08-09,43.900002,44.150002,43.349998,43.599998,40.205982,146300
2018-08-10,43.5,43.950001,43.099998,43.799999,40.390415,60800
2018-08-13,43.799999,44.200001,43.5,43.849998,40.436527,243100
2018-08-14,43.799999,44.400002,43.650002,44.049999,40.620956,124900
2018-08-15,44.0,44.349998,43.799999,43.900002,40.482632,63500
2018-08-16,44.099998,44.5,44.0,44.150002,40.713184,47900
2018-08-17,44.049999,44.400002,43.950001,44.049999,40.620956,132700
2018-08-20,44.200001,44.25,43.549999,43.650002,40.25209,108000
2018-08-21,43.700001,43.799999,43.5,43.799999,40.390415,187600
2018-08-22,43.799999,44.200001,43.779999,44.049999,40.620956,110200
2018-08-23,44.049999,44.299999,43.900002,44.200001,40.759281,75700
2018-08-24,44.150002,44.849998,44.150002,44.799999,41.312569,97500
2018-08-27,44.849998,45.200001,44.700001,44.700001,41.220356,64000
2018-08-28,44.849998,45.0,44.549999,44.549999,41.082031,59300
2018-08-29,44.650002,45.150002,44.400002,45.049999,41.54311,106700
2018-08-30,45.150002,45.599998,44.950001,45.299999,41.773655,116400
2018-08-31,45.200001,45.900002,45.099998,45.849998,42.280842,122300
2018-09-04,45.799999,46.0,44.950001,45.549999,42.004189,62400
2018-09-05,45.650002,45.75,45.25,45.5,41.95808,66700
2018-09-06,45.549999,45.849998,45.400002,45.599998,42.050304,60400
2018-09-07,45.75,46.549999,45.599998,46.400002,42.788029,92900
2018-09-10,46.599998,46.599998,45.880001,46.0,42.419155,83700
2018-09-11,45.849998,46.25,45.400002,45.450001,41.911972,94300
2018-09-12,45.450001,45.599998,45.330002,45.349998,41.819763,107500
2018-09-13,45.549999,46.450001,45.450001,46.400002,42.788029,87800
2018-09-14,46.25,47.5,46.25,47.349998,43.664066,100700
2018-09-17,47.450001,47.900002,46.150002,46.200001,42.603588,141900
2018-09-18,46.150002,46.400002,46.049999,46.200001,42.603588,55700
2018-09-19,46.150002,46.450001,45.299999,45.5,41.95808,123500
2018-09-20,45.75,46.099998,45.450001,46.049999,42.465267,58800
2018-09-21,46.200001,46.849998,45.849998,46.799999,43.156876,281600
2018-09-24,46.650002,46.75,45.700001,45.849998,42.280842,113900
2018-09-25,46.0,46.049999,45.549999,45.75,42.188625,67000
2018-09-26,45.849998,45.900002,44.950001,45.0,41.497013,76700
2018-09-27,45.049999,45.5,44.950001,44.950001,41.450901,73200
2018-09-28,44.900002,45.5,44.700001,45.299999,41.773655,140000
2018-10-01,45.459999,45.75,43.889999,44.049999,40.620956,51900
2018-10-02,43.990002,44.009998,43.509998,43.59,40.196762,74300
2018-10-03,43.669998,44.139999,43.09,43.779999,40.371979,160400
2018-10-04,44.0,44.34,43.689999,44.029999,40.602516,94800
2018-10-05,44.119999,44.619999,43.470001,44.330002,40.879162,109300
2018-10-08,44.349998,44.919998,44.150002,44.700001,41.220356,52500
2018-10-09,44.549999,45.34,44.529999,45.18,41.662991,107500
2018-10-10,45.080002,45.650002,44.91,44.939999,41.441669,352500
2018-10-11,44.900002,45.040001,43.290001,43.330002,39.957008,107300
2018-10-12,43.73,43.73,42.029999,42.669998,39.348385,92600
2018-10-15,42.529999,42.990002,41.759998,42.439999,39.136288,75500
2018-10-16,42.82,43.389999,42.110001,43.27,39.901676,71400
2018-10-17,43.119999,43.349998,42.599998,43.060001,39.708019,56300
2018-10-18,42.860001,43.07,42.279999,42.5,39.191616,63600
2018-10-19,42.369999,42.900002,42.349998,42.41,39.108624,68600
2018-10-22,42.43,42.68,41.889999,42.040001,38.767422,107400
2018-10-23,41.59,41.849998,40.919998,41.369999,38.149582,68600
2018-10-24,41.259998,41.59,39.950001,40.049999,36.932335,129500
2018-10-25,41.5,45.25,41.040001,44.959999,41.460114,259500
2018-10-26,44.84,45.34,43.459999,44.57,41.100479,175000
2018-10-29,45.5,47.57,45.5,46.330002,42.723476,434400
2018-10-30,46.330002,47.540001,46.150002,47.25,43.571857,355400
2018-10-31,47.75,47.970001,45.860001,45.959999,42.382278,165900
2018-11-01,46.18,46.18,45.360001,45.450001,41.911972,189200
2018-11-02,45.720001,46.099998,45.259998,45.82,42.25317,173900
2018-11-05,45.66,46.610001,45.66,46.349998,42.741909,126100
2018-11-06,46.150002,47.09,46.150002,47.02,43.547661,77800
2018-11-07,47.110001,47.82,46.52,47.560001,44.047791,119300
2018-11-08,47.43,47.439999,46.98,47.32,43.825512,80700
2018-11-09,47.150002,47.580002,46.470001,46.759998,43.30687,106300
2018-11-12,46.68,46.68,45.549999,45.57,42.204746,217100
2018-11-13,45.700001,46.049999,44.919998,45.299999,41.954685,172500
2018-11-14,45.66,46.279999,45.27,45.43,42.075085,280700
2018-11-15,45.16,46.689999,44.549999,46.66,43.214252,154500
2018-11-16,46.02,46.52,45.66,46.189999,42.778965,699800
2018-11-19,46.09,46.459999,45.189999,45.91,42.519638,338900
2018-11-20,45.380001,46.060001,45.130001,45.150002,41.815765,411700
2018-11-21,45.290001,45.290001,44.119999,44.119999,40.86182,122000
2018-11-23,43.830002,44.869999,43.810001,44.380001,41.102631,67500
2018-11-26,44.720001,45.139999,44.41,44.610001,41.315643,302300
2018-11-27,44.34,44.75,43.869999,44.049999,40.796997,104000
2018-11-28,44.040001,44.959999,43.779999,44.77,41.463829,344700
2018-11-29,44.799999,45.110001,44.650002,44.84,41.52866,187700
2018-11-30,44.84,45.16,44.639999,44.950001,41.630531,161600
2018-12-03,45.189999,45.52,44.389999,45.0,41.676842,202800
2018-12-04,44.98,44.98,43.139999,43.16,39.972721,246900
2018-12-06,42.599998,43.0,41.560001,42.75,39.592995,218100
2018-12-07,42.860001,43.240002,42.43,42.700001,39.546692,156600
2018-12-10,42.73,43.009998,41.610001,42.970001,39.796761,149400
2018-12-11,43.48,43.560001,42.200001,42.990002,39.815277,144600
2018-12-12,43.540001,44.259998,42.869999,43.759998,40.528412,158800
2018-12-13,43.73,44.080002,42.66,42.950001,39.778229,106700
2018-12-14,42.529999,43.09,42.529999,42.689999,39.53743,60500
2018-12-17,42.540001,42.939999,41.66,41.700001,38.620544,194400
2018-12-18,41.700001,42.139999,41.450001,41.509998,38.444569,169000
2018-12-19,41.77,42.0,40.130001,40.34,37.36097,205300
2018-12-20,40.139999,41.029999,40.139999,40.650002,37.648079,219800
2018-12-21,40.650002,41.68,40.189999,40.77,37.759216,612100
2018-12-24,40.509998,40.950001,39.549999,39.549999,36.629314,87800
2018-12-26,39.75,41.009998,39.57,40.91,37.888878,152800
2018-12-27,40.5,41.169998,39.919998,41.139999,38.101891,126100
2018-12-28,41.150002,42.029999,41.110001,41.549999,38.481617,118400
2018-12-31,41.720001,41.98,41.34,41.970001,38.870602,122800
2019-01-02,41.509998,41.849998,41.02,41.259998,38.213028,109300
2019-01-03,41.02,42.029999,40.740002,41.799999,38.713161,161600
2019-01-04,42.209999,43.139999,41.82,42.950001,39.778229,151600
2019-01-07,42.939999,43.220001,42.549999,42.889999,39.722664,160500
2019-01-08,42.919998,43.279999,42.400002,42.599998,39.454071,191800
2019-01-09,42.540001,43.040001,42.330002,42.389999,39.259583,95100
2019-01-10,42.200001,42.91,42.200001,42.860001,39.694881,59200
2019-01-11,42.599998,42.84,42.23,42.419998,39.287369,78300
2019-01-14,42.240002,42.830002,42.119999,42.610001,39.463337,80400
2019-01-15,42.619999,43.169998,42.5,43.049999,39.870842,102600
2019-01-16,43.200001,43.700001,43.18,43.700001,40.472836,107100
2019-01-17,43.700001,44.439999,43.619999,44.32,41.047058,195600
2019-01-18,44.349998,45.290001,44.349998,44.549999,41.260071,203300
2019-01-22,44.259998,44.709999,43.259998,43.990002,40.741432,153600
2019-01-23,44.119999,44.369999,43.41,43.66,40.435791,147100
2019-01-24,43.48,43.48,42.560001,42.599998,39.454071,100700
2019-01-25,42.529999,42.66,41.68,42.009998,38.90765,146000
2019-01-28,41.860001,42.07,41.27,41.700001,38.620544,108700
2019-01-29,41.669998,41.939999,41.380001,41.400002,38.342701,108800
2019-01-30,41.549999,42.349998,41.52,42.02,38.916908,121100
2019-01-31,41.869999,42.380001,41.869999,42.369999,39.241062,120600
2019-02-01,42.630001,42.93,42.439999,42.639999,39.491116,81800
2019-02-04,42.68,43.169998,42.450001,43.16,39.972721,86600
2019-02-05,43.169998,43.290001,42.68,43.029999,39.852318,102900
2019-02-06,42.990002,43.41,42.939999,43.400002,40.195,119500
2019-02-07,43.330002,43.73,42.900002,43.669998,40.445057,108400
2019-02-08,43.709999,44.099998,43.459999,43.82,40.583981,66900
2019-02-11,43.860001,44.259998,43.619999,44.25,40.982227,89200
2019-02-12,44.450001,44.450001,43.93,44.049999,40.796997,122400
2019-02-13,44.25,44.740002,44.080002,44.619999,41.324902,146500
2019-02-14,44.360001,45.310001,44.220001,44.830002,41.519402,188600
2019-02-15,45.330002,45.860001,44.860001,45.369999,42.019512,420800
2019-02-19,45.259998,46.189999,45.209999,45.849998,42.464069,176000
2019-02-20,45.799999,46.23,45.419998,46.0,42.602989,180000
2019-02-21,47.450001,47.450001,43.799999,44.32,41.047058,288300
2019-02-22,44.32,44.330002,42.240002,42.77,39.611515,424900
2019-02-25,42.77,42.970001,41.57,41.580002,38.509411,214600
2019-02-26,41.049999,41.73,41.040001,41.07,38.037067,247100
2019-02-27,40.919998,41.049999,40.57,40.810001,37.796261,183700
2019-02-28,40.919998,41.880001,40.740002,41.66,38.583488,190400
2019-03-01,41.91,42.32,41.639999,42.209999,39.092869,187100
2019-03-04,42.310001,42.310001,41.130001,41.18,38.138943,237900
2019-03-05,40.84,40.849998,40.23,40.639999,37.840981,188100
2019-03-06,40.740002,41.290001,40.52,40.540001,37.747868,221400
2019-03-07,40.400002,40.970001,39.990002,40.290001,37.515087,205400
2019-03-08,40.110001,40.68,40.110001,40.439999,37.654747,183800
2019-03-11,40.509998,41.0,40.169998,40.84,38.027206,264800
2019-03-12,40.84,41.310001,40.73,40.93,38.111004,250100
2019-03-13,40.939999,41.57,40.810001,41.060001,38.232063,223700
2019-03-14,40.990002,41.580002,40.830002,41.48,38.623127,205600
2019-03-15,41.389999,41.700001,40.900002,41.130001,38.297237,599300
2019-03-18,41.119999,41.52,40.810001,41.099998,38.269299,215100
2019-03-19,41.150002,41.259998,40.060001,40.110001,37.347481,125300
2019-03-20,40.07,40.57,39.799999,39.799999,37.058834,149000
2019-03-21,39.700001,40.5,39.43,40.119999,37.356789,151500
2019-03-22,39.869999,40.18,39.43,39.490002,36.770187,219100
2019-03-25,39.41,40.259998,39.310001,39.990002,37.235748,133600
2019-03-26,40.220001,40.419998,39.759998,40.209999,37.440601,148600
2019-03-27,40.209999,40.77,40.209999,40.549999,37.757183,148300
2019-03-28,40.57,40.689999,40.029999,40.450001,37.664066,85100
2019-03-29,40.57,40.669998,40.049999,40.110001,37.347481,162500
2019-04-01,40.360001,40.720001,40.130001,40.669998,37.868916,139600
2019-04-02,40.689999,40.740002,40.310001,40.32,37.543022,89700
2019-04-03,40.599998,40.709999,40.23,40.41,37.62682,104900
2019-04-04,40.450001,41.110001,40.41,40.529999,37.738556,152700
2019-04-05,40.57,41.07,40.400002,40.650002,37.850296,146200
2019-04-08,40.389999,40.549999,40.18,40.240002,37.468533,112200
2019-04-09,40.099998,40.240002,39.75,39.93,37.179878,197500
2019-04-10,40.130001,41.169998,39.740002,40.889999,38.073765,237800
2019-04-11,40.889999,41.599998,40.650002,40.77,37.962029,167000
2019-04-12,41.02,41.169998,40.639999,40.93,38.111004,165800
2019-04-15,41.029999,41.240002,40.700001,40.700001,37.896847,79700
2019-04-16,40.889999,41.5,40.889999,41.48,38.623127,93400
2019-04-17,41.599998,41.73,41.16,41.599998,38.734863,202100
2019-04-18,41.48,42.0,40.98,41.060001,38.232063,114100
2019-04-22,40.959999,41.0,40.349998,40.560001,37.766499,96700
2019-04-23,40.709999,41.259998,40.5,40.830002,38.017895,90200
2019-04-24,40.720001,41.459999,40.720001,41.279999,38.436901,89800
2019-04-25,43.0,45.0,41.98,44.48,41.416504,536500
2019-04-26,44.599998,44.990002,43.720001,44.169998,41.127857,208400
2019-04-29,44.0,44.32,42.41,42.59,39.656681,225600
2019-04-30,42.689999,42.950001,42.18,42.919998,39.963947,172600
2019-05-01,42.959999,42.959999,41.970001,42.080002,39.181805,336700
2019-05-02,42.09,43.0,42.09,42.439999,39.51701,132300
2019-05-03,42.59,43.080002,42.490002,42.709999,39.768414,104800
2019-05-06,42.27,43.009998,42.27,42.919998,39.963947,180200
2019-05-07,42.330002,42.830002,41.950001,42.299999,39.589584,125700
2019-05-08,42.34,42.700001,42.189999,42.27,39.561504,98900
2019-05-09,42.009998,42.459999,41.919998,42.200001,39.495983,94900
2019-05-10,42.049999,43.040001,42.040001,43.040001,40.282162,111300
2019-05-13,42.580002,42.889999,41.98,42.130001,39.430473,87800
2019-05-14,42.27,42.41,41.869999,42.189999,39.486622,68400
2019-05-15,42.009998,42.240002,41.849998,42.07,39.374317,104300
2019-05-16,42.299999,42.84,42.299999,42.689999,39.954597,79100
2019-05-17,42.27,42.860001,41.950001,41.950001,39.262001,101800
2019-05-20,41.779999,42.41,41.779999,42.150002,39.449196,185400
2019-05-21,42.200001,42.59,42.049999,42.139999,39.439831,113700
2019-05-22,42.040001,42.189999,41.509998,42.02,39.327522,162200
2019-05-23,41.529999,41.990002,41.259998,41.630001,38.962513,123200
2019-05-24,41.790001,41.950001,41.049999,41.509998,38.850197,76300
2019-05-28,41.389999,42.029999,41.279999,41.650002,38.981228,102400
2019-05-29,41.52,41.709999,41.029999,41.18,38.54134,111200
2019-05-30,41.220001,41.529999,41.060001,41.16,38.522621,138800
2019-05-31,41.389999,42.080002,40.919998,41.540001,38.878277,241700
2019-06-03,41.66,42.439999,41.400002,42.389999,39.673813,179200
2019-06-04,42.77,42.799999,42.099998,42.389999,39.673813,113500
2019-06-05,42.299999,42.360001,41.860001,42.34,39.627018,99600
2019-06-06,42.18,42.509998,41.66,42.029999,39.336876,125900
2019-06-07,42.310001,42.740002,42.0,42.209999,39.505344,84800
2019-06-10,42.240002,42.639999,41.799999,42.0,39.308804,115600
2019-06-11,42.209999,42.209999,41.810001,42.080002,39.383678,96100
2019-06-12,41.91,42.23,41.880001,41.959999,39.27137,91000
2019-06-13,42.18,42.18,41.57,41.830002,39.149696,59300
2019-06-14,41.919998,42.09,41.59,41.73,39.056107,79000
2019-06-17,41.900002,41.900002,41.43,41.779999,39.102894,116000
2019-06-18,41.900002,42.330002,41.75,41.98,39.290081,124700
2019-06-19,42.009998,42.43,41.77,41.860001,39.177776,107600
2019-06-20,42.009998,42.459999,41.84,42.290001,39.580219,130900
2019-06-21,42.290001,42.75,42.119999,42.43,39.711246,417900
2019-06-24,42.369999,42.970001,42.369999,42.59,39.860996,154600
2019-06-25,42.59,42.830002,42.349998,42.540001,39.814201,149200
2019-06-26,42.73,43.09,41.650002,41.700001,39.028023,187800
2019-06-27,41.869999,42.349998,41.59,42.330002,39.617661,140100
2019-06-28,42.369999,42.939999,41.869999,42.27,39.561504,264400
2019-07-01,42.549999,43.450001,42.259998,43.41,40.628456,160400
2019-07-02,43.32,43.619999,43.0,43.279999,40.506786,100100
2019-07-03,43.32,44.419998,43.32,44.34,41.498863,119800
2019-07-05,44.310001,44.860001,43.82,44.52,41.667332,128900
2019-07-08,44.450001,44.869999,44.099998,44.209999,41.377193,133600
2019-07-09,44.130001,44.549999,43.720001,44.450001,41.601814,175900
2019-07-10,44.5,44.84,43.619999,43.790001,40.984108,138600
2019-07-11,43.799999,44.09,43.290001,43.630001,40.834358,94900
2019-07-12,43.740002,44.049999,43.400002,43.720001,40.918591,69600
2019-07-15,43.73,43.73,43.330002,43.549999,40.759483,70200
2019-07-16,43.52,43.84,43.169998,43.540001,40.75013,88500
2019-07-17,43.41,43.889999,43.040001,43.709999,40.909229,159500
2019-07-18,43.709999,44.349998,43.549999,44.150002,41.321045,106900
2019-07-19,43.959999,44.400002,43.59,43.709999,40.909229,159600
2019-07-22,43.950001,43.950001,42.84,42.84,40.094978,287100
2019-07-23,42.959999,43.48,42.709999,43.369999,40.591015,114700
2019-07-24,43.16,44.040001,43.16,43.849998,41.040264,125800
2019-07-25,44.849998,44.849998,43.84,44.5,41.648613,189700
2019-07-26,44.610001,45.200001,44.119999,44.970001,42.08849,298300
2019-07-29,44.919998,45.23,43.799999,43.869999,41.058971,107700
2019-07-30,43.630001,44.25,43.630001,44.099998,41.274239,97900
2019-07-31,44.119999,44.689999,43.790001,43.900002,41.087055,155500
2019-08-01,43.77,44.119999,43.02,43.02,40.263447,105500
2019-08-02,42.950001,43.34,42.779999,43.200001,40.431904,87600
2019-08-05,42.540001,42.790001,41.240002,41.720001,39.046749,118900
2019-08-06,41.709999,42.419998,41.59,42.380001,39.874722,115200
2019-08-07,41.93,42.419998,41.599998,42.380001,39.874722,90300
2019-08-08,42.59,43.139999,42.580002,42.619999,40.100533,122100
2019-08-09,42.490002,42.759998,42.240002,42.610001,40.091133,179400
2019-08-12,42.419998,42.639999,41.810001,41.889999,39.413689,113000
2019-08-13,41.82,42.459999,41.82,42.34,39.83709,71900
2019-08-14,41.689999,42.119999,41.419998,41.560001,39.103195,146600
2019-08-15,41.580002,42.419998,41.52,42.400002,39.893543,76200
2019-08-16,42.43,43.060001,42.32,43.02,40.476894,89200
2019-08-19,43.41,43.439999,41.52,43.119999,40.570976,75100
2019-08-20,43.02,43.48,42.619999,42.709999,40.185219,109700
2019-08-21,43.110001,43.209999,42.799999,43.16,40.608612,79500
2019-08-22,43.360001,43.41,43.040001,43.099998,40.552158,61500
2019-08-23,42.990002,43.419998,42.259998,42.48,39.968811,139700
2019-08-26,42.599998,42.740002,42.029999,42.52,40.006451,107400
2019-08-27,42.740002,42.869999,42.310001,42.439999,39.931171,91600
2019-08-28,42.290001,43.119999,42.290001,42.52,40.006451,64900
2019-08-29,42.84,43.169998,42.470001,43.0,40.458073,71300
2019-08-30,43.200001,43.279999,42.599998,43.130001,40.580391,84100
2019-09-03,42.900002,43.029999,42.66,42.93,40.392212,107700
2019-09-04,43.220001,43.220001,42.860001,43.049999,40.505119,55100
2019-09-05,43.41,44.349998,43.279999,43.310001,40.749748,92900
2019-09-06,43.279999,43.580002,42.98,42.98,40.439251,67800
2019-09-09,43.080002,43.669998,42.779999,43.220001,40.665066,111600
2019-09-10,43.34,43.630001,42.970001,43.240002,40.683884,83300
2019-09-11,43.490002,43.91,43.130001,43.73,41.144913,127500
2019-09-12,43.639999,44.040001,43.18,43.549999,40.975559,157000
2019-09-13,43.98,44.27,43.669998,44.060001,41.45541,99500
2019-09-16,43.59,44.610001,43.59,44.220001,41.605957,107900
2019-09-17,44.110001,44.709999,44.049999,44.5,41.869396,84000
2019-09-18,44.41,44.459999,43.450001,43.639999,41.060234,125400
2019-09-19,43.509998,44.130001,43.25,43.360001,40.796795,114900
2019-09-20,43.380001,43.849998,42.650002,43.689999,41.107281,329100
2019-09-23,43.310001,44.23,43.310001,43.959999,41.36132,125700
2019-09-24,43.869999,44.59,43.869999,44.07,41.464821,167700
2019-09-25,44.07,44.610001,43.860001,44.43,41.803532,136500
2019-09-26,44.290001,44.419998,43.919998,44.09,41.483635,97700
2019-09-27,44.16,44.25,43.700001,44.009998,41.408356,95300
2019-09-30,44.16,44.240002,43.580002,43.580002,41.00378,111800
2019-10-01,43.790001,44.200001,43.27,43.490002,40.919106,210800
2019-10-02,43.18,43.720001,42.240002,42.529999,40.01585,185100
2019-10-03,42.509998,42.630001,41.830002,42.23,39.733593,195900
2019-10-04,42.369999,43.529999,42.279999,43.470001,40.900288,131600
2019-10-07,43.540001,43.740002,43.049999,43.419998,40.853237,114600
2019-10-08,43.200001,43.279999,42.18,42.400002,39.893543,115800
2019-10-09,42.709999,42.709999,41.91,41.93,39.451321,103500
2019-10-10,42.119999,42.139999,41.709999,41.75,39.281967,78000
2019-10-11,42.150002,42.509998,41.900002,41.91,39.432507,84700
2019-10-14,41.860001,41.970001,41.5,41.759998,39.29137,78200
2019-10-15,41.98,42.110001,41.610001,41.630001,39.169056,95000
2019-10-16,41.799999,42.16,41.59,41.880001,39.404285,64900
2019-10-17,42.02,42.439999,42.009998,42.369999,39.865307,116800
2019-10-18,42.200001,42.57,41.959999,42.400002,39.893543,97500
2019-10-21,43.0,43.5,42.66,43.110001,40.561573,79200
2019-10-22,42.869999,43.23,42.200001,43.060001,40.514526,72700
2019-10-23,43.189999,44.16,43.189999,43.619999,41.041416,116500
2019-10-24,43.610001,43.630001,40.93,41.119999,38.689198,276400
2019-10-25,41.110001,41.619999,40.860001,41.23,38.792706,150400
2019-10-28,41.619999,42.52,41.23,41.93,39.451321,148400
2019-10-29,41.849998,42.849998,41.759998,42.82,40.288712,118100
2019-10-30,42.720001,42.830002,42.310001,42.5,39.987629,93200
2019-10-31,42.189999,42.400002,41.59,42.34,39.83709,153300
2019-11-01,42.599998,42.880001,42.349998,42.639999,40.119354,113200
2019-11-04,42.889999,42.970001,41.91,42.419998,39.912357,107500
2019-11-05,42.27,42.759998,42.169998,42.450001,40.148804,91500
2019-11-06,42.459999,42.919998,42.330002,42.75,40.432541,135400
2019-11-07,43.0,43.389999,42.59,42.75,40.432541,70800
2019-11-08,42.650002,42.860001,42.43,42.549999,40.243389,60800
2019-11-11,42.330002,42.59,42.200001,42.580002,40.271763,58500
2019-11-12,42.599998,42.689999,42.369999,42.41,40.11097,61800
2019-11-13,42.200001,42.549999,42.099998,42.139999,39.85561,64800
2019-11-14,42.080002,42.509998,42.080002,42.34,40.044773,161000
2019-11-15,42.610001,42.650002,42.330002,42.5,40.196091,221700
2019-11-18,42.279999,42.59,41.75,41.959999,39.685371,109500
2019-11-19,41.950001,42.380001,41.939999,42.009998,39.732655,131100
2019-11-20,41.799999,42.150002,41.560001,41.93,39.65699,168900
2019-11-21,41.970001,42.029999,41.439999,41.639999,39.382717,138100
2019-11-22,42.0,42.360001,41.630001,42.09,39.808323,102800
2019-11-25,42.240002,42.889999,42.080002,42.41,40.11097,116200
2019-11-26,42.419998,43.029999,42.110001,42.68,40.366341,137700
2019-11-27,42.799999,43.220001,42.759998,42.91,40.583866,64200
2019-11-29,42.799999,43.310001,42.73,42.970001,40.640617,38400
2019-12-02,42.939999,43.080002,41.93,41.93,39.65699,103900
2019-12-03,41.689999,42.139999,41.689999,41.939999,39.666454,129300
2019-12-04,42.049999,42.330002,41.799999,41.82,39.552959,148900
2019-12-05,41.93,42.360001,41.830002,42.150002,39.865074,178700
2019-12-06,42.360001,42.810001,42.150002,42.669998,40.35688,275500
2019-12-09,42.610001,43.02,42.419998,42.759998,40.441998,220900
2019-12-10,42.779999,42.779999,42.400002,42.529999,40.224464,200000
2019-12-11,42.580002,42.990002,42.419998,42.799999,40.479832,117600
2019-12-12,42.77,43.299999,42.759998,42.970001,40.640617,193800
2019-12-13,42.970001,43.389999,42.860001,43.290001,40.943268,102400
2019-12-16,43.41,43.720001,43.189999,43.5,41.141884,123100
2019-12-17,43.5,43.880001,43.5,43.709999,41.3405,96300
2019-12-18,43.5,43.889999,43.240002,43.240002,40.895981,230200
2019-12-19,43.389999,43.860001,43.240002,43.860001,41.482376,213900
2019-12-20,44.0,44.080002,42.880001,43.119999,40.782486,382900
2019-12-23,43.119999,43.119999,42.099998,42.169998,39.883984,116200
2019-12-24,42.169998,42.389999,42.02,42.169998,39.883984,88300
2019-12-26,42.25,42.360001,41.790001,41.91,39.638077,63100
2019-12-27,41.880001,41.880001,41.5,41.610001,39.35434,123500
2019-12-30,41.799999,41.990002,41.560001,41.900002,39.628628,121100
2019-12-31,41.860001,42.040001,41.740002,41.75,39.486755,131900
2020-01-02,41.970001,42.18,41.790001,42.119999,39.836689,106100
2020-01-03,41.700001,42.529999,41.700001,42.349998,40.054222,140700
2020-01-06,42.080002,42.529999,41.900002,42.27,39.978565,133000
2020-01-07,42.09,42.189999,41.959999,42.009998,39.732655,98900
2020-01-08,42.0,42.509998,42.0,42.18,39.893444,106200
2020-01-09,42.27,42.52,42.060001,42.240002,39.950191,137800
2020-01-10,42.240002,42.619999,42.040001,42.599998,40.290672,161600
2020-01-13,42.52,42.830002,41.630001,41.959999,39.685371,240600
2020-01-14,41.950001,42.470001,41.709999,42.130001,39.846157,131800
2020-01-15,41.959999,43.16,41.959999,43.139999,40.801403,176500
2020-01-16,43.349998,44.049999,43.279999,43.389999,41.037846,91300
2020-01-17,43.689999,43.860001,43.299999,43.830002,41.453999,78200
2020-01-21,43.5,43.939999,43.369999,43.84,41.463459,109500
2020-01-22,43.830002,44.099998,43.560001,44.07,41.680988,99000
2020-01-23,43.889999,43.889999,43.299999,43.52,41.160805,191700
2020-01-24,43.509998,43.509998,42.549999,42.82,40.498753,93300
2020-01-27,42.25,43.240002,42.25,42.98,40.650074,85500
2020-01-28,43.16,43.540001,42.990002,43.169998,40.829773,88500
2020-01-29,43.169998,43.580002,42.57,42.639999,40.328506,99400
2020-01-30,42.400002,43.27,42.400002,43.27,40.924355,78900
2020-01-31,42.98,43.189999,42.48,42.650002,40.337971,117500
2020-02-03,42.779999,43.25,42.639999,43.23,40.88652,138500
2020-02-04,43.57,43.709999,43.380001,43.439999,41.085136,110900
2020-02-05,43.889999,44.32,43.799999,44.16,41.766106,88000
2020-02-06,44.419998,44.619999,44.119999,44.150002,41.756653,54100
2020-02-07,44.080002,44.080002,43.5,43.639999,41.274296,64400
2020-02-10,43.509998,44.119999,43.5,44.080002,41.690445,75100
2020-02-11,44.27,44.73,44.07,44.59,42.172794,60000
2020-02-12,44.689999,44.790001,44.380001,44.48,42.068756,107000
2020-02-13,44.310001,44.459999,44.080002,44.41,42.002556,48300
2020-02-14,44.439999,44.700001,44.119999,44.32,41.917442,58700
2020-02-18,44.299999,44.59,44.25,44.360001,41.955273,61100
2020-02-19,44.509998,44.900002,44.290001,44.82,42.390331,151100
2020-02-20,41.0,43.439999,41.0,41.939999,39.666454,238100
2020-02-21,41.970001,43.18,41.91,42.959999,40.631157,283400
2020-02-24,42.209999,43.009998,42.16,42.720001,40.404171,203000
2020-02-25,42.810001,42.810001,41.830002,42.169998,39.883984,98700
2020-02-26,42.34,42.48,41.84,41.869999,39.600246,166300
2020-02-27,41.43,42.110001,40.529999,40.540001,38.342346,170800
2020-02-28,39.779999,40.049999,38.130001,38.540001,36.450771,303600
2020-03-02,38.470001,40.52,38.470001,40.43,38.238304,185200
2020-03-03,40.080002,40.549999,39.48,39.630001,37.71489,191600
2020-03-04,39.950001,41.110001,39.52,41.099998,39.113846,189300
2020-03-05,40.290001,40.790001,39.57,40.0,38.067013,199500
2020-03-06,38.98,40.259998,38.91,40.060001,38.124104,165400
2020-03-09,37.93,38.84,34.259998,38.400002,36.544331,299700
2020-03-10,39.07,39.369999,37.16,37.810001,35.982838,389000
2020-03-11,36.990002,37.75,36.389999,36.990002,35.202469,231700
2020-03-12,35.34,36.099998,33.189999,33.299999,31.690781,235500
2020-03-13,34.810001,37.07,33.98,34.970001,33.280083,330700
2020-03-16,33.0,34.720001,32.369999,32.799999,31.214945,271500
2020-03-17,33.16,36.869999,31.68,36.810001,35.03117,423600
2020-03-18,34.560001,38.450001,33.57,35.77,34.04142,340900
2020-03-19,35.939999,37.240002,34.630001,35.5,33.784466,288500
2020-03-20,35.549999,36.310001,33.34,34.419998,32.756653,393500
2020-03-23,34.57,35.48,32.709999,34.630001,32.956512,348700
2020-03-24,36.16,38.360001,36.110001,36.799999,35.021645,342600
2020-03-25,36.529999,37.509998,34.57,35.290001,33.584618,330800
2020-03-26,35.509998,37.200001,35.119999,36.0,34.260307,412200
2020-03-27,35.139999,37.540001,34.439999,35.93,34.193687,302100
2020-03-30,36.150002,40.169998,35.419998,39.939999,38.009907,238300
2020-03-31,39.84,40.630001,39.310001,40.509998,38.552361,308700
2020-04-01,39.130001,39.580002,36.799999,37.48,35.668781,311000
2020-04-02,36.93,38.419998,35.41,35.93,34.193687,243300
2020-04-03,35.5,36.34,34.080002,34.630001,32.956512,247100
2020-04-06,35.41,36.43,34.669998,36.389999,34.631458,241400
2020-04-07,36.990002,37.310001,35.310001,36.459999,34.698078,328300
2020-04-08,36.59,36.880001,32.91,33.200001,31.59561,500000
2020-04-09,33.990002,36.119999,33.68,35.66,33.936737,254800
2020-04-13,35.299999,35.299999,33.669998,34.139999,32.490189,138900
2020-04-14,34.900002,35.139999,33.639999,33.98,32.337929,158700
2020-04-15,32.950001,33.41,31.73,31.889999,30.348923,201600
2020-04-16,31.83,32.240002,30.940001,31.9,30.358437,217800
2020-04-17,32.669998,34.23,32.669998,34.060001,32.414059,191500
2020-04-20,33.48,33.799999,32.73,33.189999,31.586096,124200
2020-04-21,32.580002,32.790001,30.48,31.120001,29.616133,419600
2020-04-22,31.73,32.259998,31.43,31.620001,30.091969,153700
2020-04-23,31.67,32.029999,30.809999,31.0,29.50193,187500
2020-04-24,29.440001,29.5,26.68,28.75,27.360662,643400
2020-04-27,28.790001,28.790001,27.52,27.870001,26.523188,216800
2020-04-28,28.469999,29.66,27.91,29.27,27.855534,212500
2020-04-29,30.879999,32.389999,30.620001,31.52,29.996801,366900
2020-04-30,30.98,31.07,29.889999,30.370001,28.902376,296000
2020-05-01,30.110001,30.110001,29.08,29.549999,28.122,265600
2020-05-04,29.25,29.540001,28.459999,29.360001,27.941183,191200
2020-05-05,29.35,30.26,29.17,29.190001,28.017971,213300
2020-05-06,29.99,29.99,28.540001,28.549999,27.403666,252300
2020-05-07,28.940001,29.959999,28.940001,29.16,27.989174,239400
2020-05-08,29.6,29.83,29.17,29.41,28.229137,257900
2020-05-11,28.879999,29.23,28.4,28.75,27.595638,286000
2020-05-12,28.67,29.17,27.85,27.93,26.808563,438100
2020-05-13,27.5,27.940001,26.469999,26.75,25.675941,302200
2020-05-14,26.25,26.73,25.530001,26.59,25.522367,480400
2020-05-15,26.49,27.59,26.030001,27.1,26.011889,414100
2020-05-18,28.27,29.75,28.219999,28.950001,27.787607,361800
2020-05-19,28.73,29.469999,28.57,28.93,27.76841,244700
2020-05-20,29.309999,29.860001,29.129999,29.58,28.392311,226800
2020-05-21,29.389999,30.299999,29.190001,30.0,28.795448,228300
2020-05-22,30.27,30.35,29.43,29.91,28.709063,189400
2020-05-26,30.610001,31.0,30.219999,30.24,29.02581,254600
2020-05-27,30.969999,31.76,30.84,31.5,30.23522,343800
2020-05-28,31.98,32.0,30.450001,30.59,29.361759,202900
2020-05-29,30.059999,30.209999,29.48,29.889999,28.689865,236100
2020-06-01,29.860001,30.26,29.709999,29.98,28.776251,198300
2020-06-02,30.209999,30.969999,30.0,30.52,29.294571,189500
2020-06-03,31.07,32.150002,30.77,31.719999,30.446388,236800
2020-06-04,31.459999,32.099998,31.09,32.029999,30.74394,278800
2020-06-05,33.0,33.759998,32.66,33.240002,31.905354,195700
2020-06-08,33.619999,33.77,33.02,33.09,31.761377,172800
2020-06-09,32.580002,32.889999,32.119999,32.360001,31.06069,210100
2020-06-10,32.0,32.119999,30.84,31.15,29.899273,184200
2020-06-11,30.17,30.17,28.6,28.690001,27.53805,181400
2020-06-12,29.74,29.860001,28.34,29.02,27.854797,374100
2020-06-15,28.219999,30.190001,28.15,29.610001,28.421108,286100
2020-06-16,30.620001,30.950001,29.9,29.99,28.785849,196700
2020-06-17,30.040001,30.040001,29.35,29.51,28.325123,182000
2020-06-18,29.16,29.83,29.07,29.440001,28.257935,179500
2020-06-19,29.459999,29.98,28.780001,29.82,28.622675,666500
2020-06-22,29.450001,29.48,28.99,29.09,27.921986,211200
2020-06-23,29.549999,29.780001,29.01,29.309999,28.133154,233600
2020-06-24,29.01,29.49,28.66,28.719999,27.566839,346500
2020-06-25,28.639999,29.549999,28.48,29.360001,28.181143,204200
2020-06-26,29.01,29.48,28.799999,29.4,28.21954,538700
2020-06-29,29.84,30.280001,29.610001,30.110001,28.901033,155500
2020-06-30,29.98,30.66,29.98,30.15,28.939425,204500
2020-07-01,30.030001,30.379999,29.42,29.5,28.315525,154900
2020-07-02,30.02,30.299999,29.290001,29.4,28.21954,153200
2020-07-06,29.969999,30.07,29.299999,29.4,28.21954,148700
2020-07-07,29.129999,29.299999,28.85,29.120001,27.950781,240600
2020-07-08,29.059999,29.35,28.84,29.280001,28.104359,169300
2020-07-09,29.139999,29.389999,28.66,28.889999,27.730019,235700
2020-07-10,29.07,29.950001,28.84,29.709999,28.517094,150800
2020-07-13,30.040001,30.040001,29.440001,29.620001,28.430708,161900
2020-07-14,29.57,30.23,29.52,30.08,28.872236,159600
2020-07-15,30.809999,31.66,30.719999,30.969999,29.726501,203200
2020-07-16,30.860001,31.799999,30.82,31.280001,30.024055,124000
2020-07-17,31.23,31.26,30.950001,30.98,29.736099,124200
2020-07-20,30.969999,31.129999,30.620001,30.83,29.592121,170100
2020-07-21,31.18,33.139999,31.049999,32.540001,31.233463,270600
2020-07-22,32.09,32.509998,31.690001,31.98,30.695948,193600
2020-07-23,31.879999,32.849998,31.85,32.639999,31.329447,173200
2020-07-24,33.75,36.98,33.0,34.16,32.788422,468700
2020-07-27,33.889999,34.009998,33.049999,33.220001,31.88616,335400
2020-07-28,33.029999,33.599998,32.66,33.209999,31.87656,240300
2020-07-29,33.09,33.509998,32.59,33.330002,31.991739,247000
2020-07-30,32.759998,32.889999,32.080002,32.419998,31.118279,190400
2020-07-31,32.040001,32.599998,31.709999,32.52,31.214268,282700
2020-08-03,32.66,33.09,32.43,32.669998,31.35824,145500
2020-08-04,32.220001,32.98,32.130001,32.77,31.696783,293700
2020-08-05,33.150002,33.650002,32.529999,33.27,32.180408,241300
2020-08-06,32.93,33.540001,32.880001,33.279999,32.190079,144600
2020-08-07,33.110001,34.119999,33.110001,34.09,32.973553,184100
2020-08-10,34.23,34.52,34.040001,34.259998,33.137981,281200
2020-08-11,34.799999,35.299999,34.369999,34.580002,33.447502,172200
2020-08-12,35.110001,35.110001,33.650002,33.939999,32.828465,171200
2020-08-13,33.650002,33.950001,33.32,33.630001,32.528614,143200
2020-08-14,33.299999,33.889999,33.25,33.66,32.557632,155300
2020-08-17,33.560001,33.560001,32.82,33.080002,31.996626,78100
2020-08-18,33.209999,33.240002,32.93,33.029999,31.948269,117700
2020-08-19,32.959999,33.349998,32.860001,32.91,31.832193,102800
2020-08-20,32.549999,32.919998,32.290001,32.59,31.522676,89100
2020-08-21,32.400002,32.57,31.950001,32.189999,31.135775,137200
2020-08-24,32.689999,32.98,32.34,32.959999,31.880556,90800
2020-08-25,33.25,33.25,32.860001,32.900002,31.822529,113800
2020-08-26,32.700001,32.700001,32.09,32.200001,31.145449,120900
2020-08-27,32.16,33.139999,32.16,32.720001,31.648418,99700
2020-08-28,33.0,33.439999,32.18,32.869999,31.793503,193600
2020-08-31,32.700001,32.830002,32.349998,32.580002,31.513002,145900
2020-09-01,32.290001,32.700001,32.189999,32.360001,31.300209,91300
2020-09-02,32.189999,32.880001,32.189999,32.720001,31.648418,102500
2020-09-03,32.91,33.380001,32.400002,32.619999,31.551691,133000
2020-09-04,33.299999,33.330002,32.150002,32.509998,31.445295,122300
2020-09-08,32.310001,32.310001,31.08,31.82,30.777893,159000
2020-09-09,31.959999,32.41,31.49,31.65,30.613461,124700
2020-09-10,31.74,31.74,30.75,30.77,29.762281,134900
2020-09-11,30.780001,31.09,30.5,30.809999,29.800972,136400
2020-09-14,31.030001,31.190001,30.76,30.77,29.762281,132700
2020-09-15,30.77,30.780001,29.940001,30.0,29.0175,159100
2020-09-16,30.0,30.48,29.82,29.860001,28.882084,223500
2020-09-17,29.530001,30.18,29.200001,30.15,29.162588,264100
2020-09-18,30.15,30.74,29.99,30.73,29.723591,866400
2020-09-21,30.209999,30.4,29.42,29.99,29.007824,223900
2020-09-22,29.950001,30.4,29.67,29.780001,28.804705,144400
2020-09-23,29.690001,30.24,29.1,29.120001,28.166319,269900
2020-09-24,29.030001,30.110001,28.889999,29.440001,28.47584,207600
2020-09-25,29.209999,29.74,29.110001,29.43,28.466166,140800
2020-09-28,29.76,30.74,29.76,30.33,29.336691,124400
2020-09-29,30.24,30.27,29.82,30.030001,29.046516,87100
2020-09-30,30.07,30.440001,30.049999,30.25,29.259312,130900
2020-10-01,30.23,30.469999,29.91,30.190001,29.201277,97900
2020-10-02,29.889999,30.950001,29.799999,30.74,29.733265,147800
2020-10-05,31.02,31.4,31.02,31.219999,30.197546,76400
2020-10-06,31.49,31.49,30.9,31.18,30.158852,161000
2020-10-07,31.41,31.700001,30.950001,31.190001,30.168528,193200
2020-10-08,31.469999,31.719999,31.0,31.33,30.303942,103600
2020-10-09,31.34,31.629999,31.17,31.42,30.390993,85100
2020-10-12,31.299999,32.119999,31.18,32.07,31.019705,68500
2020-10-13,31.809999,31.84,30.92,31.1,30.081474,93300
2020-10-14,30.9,31.709999,30.49,30.530001,29.530144,106900
2020-10-15,30.24,31.23,30.24,31.07,30.052458,138900
2020-10-16,30.99,31.43,30.99,31.1,30.081474,99900
2020-10-19,31.25,31.51,30.93,31.129999,30.110489,147000
2020-10-20,31.309999,31.549999,31.18,31.34,30.313614,111000
2020-10-21,31.280001,33.02,31.280001,32.93,31.85154,138800
2020-10-22,33.0,33.209999,32.709999,33.099998,32.015976,150000
2020-10-23,33.400002,34.18,32.34,32.540001,31.474314,202800
2020-10-26,32.07,32.419998,31.92,32.400002,31.3389,111300
2020-10-27,32.18,32.18,31.85,32.0,30.951998,126600
2020-10-28,31.52,32.060001,31.25,31.469999,30.439358,141000
2020-10-29,31.719999,32.419998,31.440001,32.07,31.019705,146300
2020-10-30,31.940001,32.490002,31.870001,32.009998,30.96167,207400
2020-11-02,32.400002,32.860001,31.950001,32.66,31.590384,101100
2020-11-03,32.650002,33.080002,32.330002,32.48,31.658613,110700
2020-11-04,32.0,32.93,31.709999,31.76,30.956821,136200
2020-11-05,31.77,32.529999,31.77,32.299999,31.483164,77300
2020-11-06,32.400002,32.599998,31.950001,32.040001,31.22974,103600
2020-11-09,34.509998,36.5,33.59,34.09,33.227894,239300
2020-11-10,34.450001,36.549999,34.200001,36.189999,35.274792,339400
2020-11-11,36.099998,36.099998,34.98,35.279999,34.387802,114200
2020-11-12,34.779999,34.779999,33.439999,33.98,33.120682,202200
2020-11-13,34.0,34.869999,33.880001,34.52,33.647022,155000
2020-11-16,35.32,35.82,35.169998,35.310001,34.417046,160600
2020-11-17,35.029999,35.470001,34.700001,35.110001,34.222103,138500
2020-11-18,35.279999,35.43,34.25,34.25,33.38385,112000
2020-11-19,34.040001,34.07,32.91,33.049999,32.214199,163500
2020-11-20,32.68,33.450001,32.68,32.889999,32.058243,185500
2020-11-23,33.150002,33.150002,32.59,32.790001,31.960775,144700
2020-11-24,33.110001,33.419998,32.91,32.990002,32.155712,385800
2020-11-25,32.990002,33.200001,32.18,32.23,31.414934,199200
2020-11-27,32.0,32.110001,31.049999,31.91,31.103029,166600
2020-11-30,31.610001,31.93,30.450001,30.51,29.738434,259500
2020-12-01,31.110001,31.68,30.940001,31.6,30.800867,342800
2020-12-02,31.690001,31.799999,30.809999,30.9,30.118568,188200
2020-12-03,30.92,31.01,30.200001,30.84,30.060085,197900
2020-12-04,31.209999,32.450001,31.09,32.349998,31.5319,178400
2020-12-07,32.110001,32.290001,31.77,31.98,31.171257,140600
2020-12-08,31.700001,32.32,31.700001,32.209999,31.395441,155100
2020-12-09,32.439999,32.549999,31.940001,32.419998,31.60013,100900
2020-12-10,32.279999,32.619999,32.049999,32.509998,31.687851,69900
2020-12-11,32.27,32.75,32.07,32.419998,31.60013,126100
2020-12-14,32.560001,32.970001,32.490002,32.639999,31.814564,168900
2020-12-15,32.860001,33.349998,32.700001,33.09,32.253185,150300
2020-12-16,33.25,33.349998,32.900002,33.07,32.233692,150400
2020-12-17,33.16,33.16,32.779999,32.84,32.00951,105800
2020-12-18,32.84,32.950001,32.080002,32.200001,31.385693,444000
2020-12-21,31.83,32.02,31.16,31.540001,30.742384,192800
2020-12-22,31.33,31.530001,30.889999,31.049999,30.264776,130300
2020-12-23,31.27,32.0,31.200001,31.67,30.869097,87400
2020-12-24,31.67,32.09,31.389999,31.92,31.112774,121100
2020-12-28,32.189999,32.330002,31.74,32.09,31.278475,108200
2020-12-29,32.23,32.290001,31.610001,31.84,31.034798,95500
2020-12-30,31.969999,32.169998,31.629999,31.92,31.112774,74300
2020-12-31,32.029999,32.34,31.719999,32.189999,31.375944,80300
2021-01-04,32.529999,32.740002,31.59,31.75,30.947071,124600
2021-01-05,31.67,32.220001,31.290001,31.690001,30.88859,118200
2021-01-06,32.32,34.150002,32.32,34.0,33.140171,223900
2021-01-07,34.240002,34.299999,33.389999,33.799999,32.945229,191300
2021-01-08,33.75,34.029999,32.98,33.349998,32.506611,141500
2021-01-11,32.900002,33.41,32.830002,33.200001,32.360401,85200
2021-01-12,33.400002,33.84,33.400002,33.84,32.984219,119900
2021-01-13,33.73,33.93,33.259998,33.439999,32.594334,120100
2021-01-14,33.700001,33.700001,33.09,33.119999,32.282425,127900
2021-01-15,32.73,33.25,32.32,33.0,32.165466,155200
2021-01-19,33.169998,33.23,32.68,32.77,31.94128,150000
2021-01-20,32.709999,32.900002,32.439999,32.779999,31.951025,121500
2021-01-21,32.77,32.880001,32.220001,32.52,31.697603,149900
2021-01-22,32.240002,32.48,31.6,32.450001,31.629372,131500
2021-01-25,32.220001,33.099998,32.009998,32.720001,31.892544,127700
2021-01-26,32.91,32.91,32.200001,32.580002,31.756083,99800
2021-01-27,31.969999,32.349998,31.690001,31.9,31.093279,126400
2021-01-28,32.23,32.23,30.9,31.0,30.216042,229900
2021-01-29,30.969999,31.200001,30.42,30.5,29.728685,199800
2021-02-01,30.610001,30.83,30.219999,30.610001,29.835905,113500
2021-02-02,30.870001,31.110001,30.33,30.76,29.982113,133800
2021-02-03,30.549999,30.879999,30.200001,30.57,29.796917,122400
2021-02-04,30.540001,31.530001,30.34,31.26,30.469465,123800
2021-02-05,31.549999,31.59,30.83,31.209999,30.420729,117300
2021-02-08,31.32,31.629999,31.15,31.629999,30.830107,67200
2021-02-09,31.709999,32.290001,31.440001,32.110001,31.29797,153200
2021-02-10,32.220001,32.310001,31.66,31.700001,30.89834,111500
2021-02-11,31.84,32.580002,31.74,32.049999,31.239487,183600
2021-02-12,32.049999,32.119999,31.6,31.790001,30.986063,85200
2021-02-16,31.93,32.310001,31.690001,32.040001,31.22974,167600
2021-02-17,31.969999,32.889999,31.860001,32.57,31.746338,98100
2021-02-18,36.040001,36.040001,33.75,33.950001,33.091438,249800
2021-02-19,33.860001,33.869999,32.259998,32.790001,31.960775,350600
2021-02-22,32.709999,33.619999,32.610001,33.450001,32.60408,455500
2021-02-23,33.689999,34.779999,33.299999,33.400002,32.555347,255200
2021-02-24,33.48,34.150002,33.48,33.75,32.896492,169000
2021-02-25,33.700001,34.139999,33.599998,33.689999,32.838013,143400
2021-02-26,33.48,33.799999,33.220001,33.290001,32.448128,256300
2021-03-01,33.799999,34.040001,33.720001,33.860001,33.003719,147000
2021-03-02,33.439999,33.84,33.119999,33.43,32.826962,130600
2021-03-03,33.599998,34.860001,33.560001,34.330002,33.710724,163300
2021-03-04,34.060001,35.41,34.060001,34.880001,34.250805,256100
2021-03-05,35.459999,36.279999,35.25,35.880001,35.232769,211300
2021-03-08,36.330002,37.66,36.0,37.540001,36.862823,206500
2021-03-09,37.400002,37.490002,36.639999,36.77,36.106712,223900
2021-03-10,36.75,37.830002,36.619999,37.59,36.911919,209800
2021-03-11,37.439999,37.619999,37.310001,37.580002,36.902103,142300
2021-03-12,37.91,38.25,37.57,37.740002,37.059219,163200
2021-03-15,37.610001,38.509998,36.82,38.5,37.805504,243500
2021-03-16,38.150002,39.119999,38.150002,39.09,38.384857,253500
2021-03-17,39.5,39.73,38.610001,39.040001,38.335766,347200
2021-03-18,39.220001,40.450001,39.07,40.200001,39.474838,263900
2021-03-19,40.290001,41.23,39.700001,40.91,40.172031,797400
2021-03-22,40.709999,40.709999,40.02,40.400002,39.67123,209300
2021-03-23,40.25,40.639999,39.91,40.25,39.523937,276100
2021-03-24,40.57,41.299999,40.509998,40.75,40.014915,180000
2021-03-25,40.720001,41.5,40.400002,41.400002,40.653191,151600
2021-03-26,41.810001,43.080002,41.540001,42.91,42.135952,178300
2021-03-29,42.700001,43.66,42.139999,42.669998,41.90028,175300
2021-03-30,42.98,43.459999,42.810001,43.169998,42.391262,139900
2021-03-31,43.25,43.459999,42.619999,43.060001,42.283249,315400
2021-04-01,42.790001,42.790001,41.790001,42.049999,41.291462,188100
2021-04-05,42.209999,43.389999,42.099998,43.290001,42.509098,198700
2021-04-06,43.169998,43.25,42.099998,42.139999,41.379841,215800
2021-04-07,42.119999,42.119999,40.93,41.490002,40.74157,178400
2021-04-08,41.330002,41.560001,40.950001,41.0,40.260406,359800
2021-04-09,41.029999,41.299999,40.220001,40.32,39.592674,271000
2021-04-12,40.16,40.619999,39.889999,40.130001,39.406101,208400
2021-04-13,39.880001,39.950001,39.040001,39.369999,38.659809,263000
2021-04-14,39.560001,40.330002,39.450001,39.84,39.12133,253600
2021-04-15,39.669998,40.209999,39.099998,39.389999,38.679451,191400
2021-04-16,39.799999,40.049999,39.490002,39.82,39.101692,153900
2021-04-19,39.650002,40.290001,39.259998,40.189999,39.465015,198100
2021-04-20,40.220001,40.400002,39.93,40.209999,39.484657,154800
2021-04-21,40.389999,40.700001,40.209999,40.57,39.838161,100300
2021-04-22,40.310001,40.580002,40.060001,40.209999,39.484657,143000
2021-04-23,41.669998,42.0,40.82,41.060001,40.319328,222400
2021-04-26,41.459999,41.650002,40.009998,40.099998,39.37664,299000
2021-04-27,40.16,40.959999,39.259998,39.75,39.032951,191600
2021-04-28,39.740002,39.959999,39.68,39.900002,39.180252,149900
2021-04-29,40.189999,40.75,40.189999,40.509998,39.77924,157700
2021-04-30,40.200001,40.599998,40.07,40.48,39.74979,289800
2021-05-03,40.75,41.599998,40.580002,41.5,40.751385,262400
2021-05-04,40.93,41.560001,40.869999,41.310001,40.810665,170400
2021-05-05,41.400002,41.759998,40.700001,41.580002,41.077404,124400
2021-05-06,41.57,42.299999,41.369999,42.279999,41.768936,145200
2021-05-07,41.900002,42.240002,41.68,41.889999,41.383652,104400
2021-05-10,41.810001,42.290001,41.57,41.599998,41.097157,193700
2021-05-11,41.470001,41.470001,40.700001,40.830002,40.336468,100100
2021-05-12,41.0,41.029999,40.5,40.650002,40.158646,142600
2021-05-13,40.490002,42.02,40.459999,41.880001,41.373772,162000
2021-05-14,41.900002,42.209999,41.82,42.139999,41.63063,96200
2021-05-17,41.98,42.459999,41.900002,42.450001,41.936886,85600
2021-05-18,42.450001,42.450001,41.669998,41.68,41.176193,102500
2021-05-19,41.330002,41.669998,40.779999,41.610001,41.10704,176400
2021-05-20,41.459999,42.139999,41.23,42.040001,41.531841,154600
2021-05-21,42.419998,42.5,41.869999,42.290001,41.778816,300600
2021-05-24,42.470001,42.470001,41.98,42.049999,41.541718,90300
2021-05-25,41.990002,42.150002,40.669998,40.720001,40.227798,172400
2021-05-26,40.779999,41.419998,40.779999,41.32,40.820541,175200
2021-05-27,41.66,42.029999,41.43,41.740002,41.235466,170300
2021-05-28,41.970001,42.23,41.619999,42.200001,41.689907,120200
2021-06-01,42.220001,42.48,41.93,42.25,41.7393,150300
2021-06-02,42.259998,42.330002,41.939999,42.09,41.581238,120500
2021-06-03,41.860001,42.5,41.779999,42.43,41.917122,131100
2021-06-04,42.5,42.5,41.849998,42.110001,41.600994,137000
2021-06-07,42.240002,42.299999,41.93,42.130001,41.620754,110800
2021-06-08,42.07,42.740002,41.900002,42.650002,42.134468,99100
2021-06-09,42.619999,42.700001,42.41,42.560001,42.045555,151500
2021-06-10,42.849998,42.959999,42.470001,42.580002,42.065315,111100
2021-06-11,42.759998,43.16,42.720001,43.09,42.569149,110600
2021-06-14,43.009998,43.330002,42.919998,43.209999,42.687695,115800
2021-06-15,43.310001,43.82,43.060001,43.490002,42.964314,116700
2021-06-16,43.470001,43.75,43.07,43.610001,43.082863,140900
2021-06-17,43.82,43.82,42.490002,42.68,42.164104,136700
2021-06-18,42.299999,42.299999,40.689999,41.060001,40.563686,216300
2021-06-21,41.23,42.200001,41.200001,42.150002,41.640511,116300
2021-06-22,42.040001,42.439999,41.619999,42.41,41.897366,124300
2021-06-23,42.23,42.52,41.799999,42.080002,41.571358,153200
2021-06-24,42.279999,42.310001,41.849998,42.240002,41.729424,125300
2021-06-25,42.209999,42.709999,42.09,42.57,42.055435,247200
2021-06-28,42.330002,42.779999,41.619999,42.080002,41.571358,149300
2021-06-29,42.299999,42.59,42.060001,42.450001,41.936886,100200
2021-06-30,42.450001,42.830002,42.389999,42.799999,42.28265,89500
2021-07-01,42.830002,43.259998,42.610001,43.110001,42.588905,92500
2021-07-02,43.110001,43.290001,42.740002,43.049999,42.529633,91200
2021-07-06,43.0,43.049999,42.049999,42.700001,42.183861,102300
2021-07-07,42.369999,42.970001,42.169998,42.860001,42.341927,175000
2021-07-08,42.290001,42.459999,41.41,41.560001,41.057644,153100
2021-07-09,42.09,42.689999,42.09,42.369999,41.857849,106800
2021-07-12,42.310001,42.849998,42.220001,42.790001,42.272774,122200
2021-07-13,42.790001,42.869999,41.990002,42.220001,41.709663,100000
2021-07-14,42.290001,42.330002,41.599998,41.68,41.176193,79700
2021-07-15,41.330002,42.0,41.25,41.82,41.314499,96200
2021-07-16,42.189999,42.189999,41.599998,41.830002,41.324379,71800
2021-07-19,41.16,41.389999,40.700001,41.220001,40.721752,117400
2021-07-20,41.380001,42.599998,41.380001,41.48,40.978607,193000
2021-07-21,41.849998,42.580002,41.849998,42.119999,41.61087,85800
2021-07-22,41.830002,42.060001,41.220001,41.360001,40.860058,72000
2021-07-23,40.0,40.279999,37.48,39.0,38.528584,195900
2021-07-26,38.689999,39.810001,38.689999,38.959999,38.489067,103500
2021-07-27,38.75,39.810001,38.549999,39.529999,39.052177,78100
2021-07-28,39.57,39.93,38.5,39.720001,39.239883,112100
2021-07-29,40.119999,41.540001,40.119999,41.330002,40.830421,116500
2021-07-30,41.099998,41.75,41.060001,41.52,41.018124,110600
2021-08-02,41.529999,42.549999,41.41,41.720001,41.21571,111000
2021-08-03,41.5,41.790001,41.18,41.459999,41.205769,109300
2021-08-04,40.950001,41.220001,40.610001,40.66,40.410675,90700
2021-08-05,40.900002,41.080002,40.619999,41.029999,40.778404,87300
2021-08-06,41.48,41.75,41.330002,41.599998,41.34491,65000
2021-08-09,41.450001,41.77,40.849998,41.360001,41.106384,58600
2021-08-10,41.400002,41.830002,40.799999,41.779999,41.523808,85500
2021-08-11,41.73,42.259998,41.580002,41.84,41.583439,89500
2021-08-12,41.869999,41.990002,41.419998,41.529999,41.275337,56000
2021-08-13,41.48,41.48,40.98,41.220001,40.967243,49400
2021-08-16,40.98,41.490002,40.73,41.360001,41.106384,60700
2021-08-17,41.049999,41.549999,40.700001,41.490002,41.235588,72800
2021-08-18,41.5,41.650002,40.830002,40.98,40.728714,52500
2021-08-19,40.490002,41.07,40.25,40.639999,40.390797,108900
2021-08-20,40.5,41.369999,40.5,41.02,40.768467,97100
2021-08-23,41.200001,41.490002,41.040001,41.150002,40.897671,69500
2021-08-24,41.25,41.279999,40.68,40.950001,40.698898,46500
2021-08-25,40.959999,41.400002,40.869999,40.869999,40.619385,77200
2021-08-26,40.869999,41.049999,40.48,40.5,40.251656,55900
2021-08-27,40.48,41.830002,40.48,41.709999,41.454235,94900
2021-08-30,41.82,41.82,41.25,41.27,41.016933,73800
2021-08-31,41.220001,41.599998,41.119999,41.169998,40.917545,88000
2021-09-01,41.09,41.529999,40.59,41.18,40.927486,66500
2021-09-02,41.389999,41.59,41.02,41.119999,40.867855,84600
2021-09-03,40.970001,41.099998,40.439999,41.080002,40.828102,84300
2021-09-07,40.91,40.959999,40.0,40.02,39.774601,87500
2021-09-08,39.939999,40.490002,39.939999,40.380001,40.132393,73500
2021-09-09,40.169998,40.720001,39.91,40.41,40.162209,83400
2021-09-10,40.740002,40.740002,39.939999,40.080002,39.834232,73800
2021-09-13,40.400002,40.82,40.0,40.560001,40.311291,89600
2021-09-14,40.52,40.52,39.330002,39.450001,39.208096,110200
2021-09-15,39.32,39.560001,38.369999,38.43,38.194351,113500
2021-09-16,38.419998,38.700001,37.98,38.400002,38.164536,126600
2021-09-17,38.5,39.470001,38.189999,39.43,39.188217,422500
2021-09-20,38.919998,38.919998,37.849998,38.259998,38.025391,140300
2021-09-21,38.5,38.720001,38.369999,38.369999,38.134716,111400
2021-09-22,38.73,39.25,38.52,38.950001,38.711163,82300
2021-09-23,39.220001,39.869999,38.959999,39.049999,38.810547,64000
2021-09-24,39.110001,39.669998,39.110001,39.450001,39.208096,58200
2021-09-27,39.700001,40.639999,39.700001,40.049999,39.804417,79300
2021-09-28,40.169998,40.27,39.07,39.639999,39.396931,101500
2021-09-29,39.709999,40.459999,39.32,40.139999,39.893864,79400
2021-09-30,40.459999,40.48,39.490002,39.490002,39.247852,97800
2021-10-01,39.52,40.490002,39.360001,39.959999,39.714966,102500
2021-10-04,39.790001,40.23,39.439999,39.619999,39.377052,81300
2021-10-05,39.84,40.32,39.52,40.009998,39.76466,122300
2021-10-06,39.84,40.869999,39.59,40.84,40.589573,90100
2021-10-07,40.970001,41.669998,40.970001,41.490002,41.235588,66700
2021-10-08,41.490002,41.830002,40.970001,41.200001,40.947365,49600
2021-10-11,41.16,41.540001,40.869999,40.880001,40.629326,36200
2021-10-12,40.619999,41.040001,40.400002,40.77,40.52,52700
2021-10-13,40.75,40.77,39.799999,40.540001,40.291412,53700
2021-10-14,40.919998,41.310001,40.459999,40.720001,40.47031,64000
2021-10-15,41.290001,41.290001,40.150002,40.150002,39.903805,107600
2021-10-18,39.919998,40.189999,39.57,39.790001,39.546009,60200
2021-10-19,39.810001,40.0,39.16,39.360001,39.118649,67500
2021-10-20,39.349998,40.34,39.200001,40.25,40.003189,51000
2021-10-21,40.02,40.369999,39.599998,40.16,39.913742,92800
2021-10-22,40.060001,40.93,40.060001,40.43,40.182087,63400
2021-10-25,40.209999,41.049999,40.209999,40.970001,40.718777,89900
2021-10-26,41.080002,41.290001,40.32,40.41,40.162209,76700
2021-10-27,40.200001,40.240002,38.639999,38.880001,38.64159,72900
2021-10-28,38.669998,39.639999,38.52,39.439999,39.198154,96400
2021-10-29,37.049999,39.0,36.23,38.599998,38.363304,149600
2021-11-01,39.099998,39.939999,38.68,39.009998,38.77079,109600
2021-11-02,39.09,39.119999,38.689999,38.77,38.532265,90300
2021-11-03,38.759998,40.299999,38.759998,39.91,39.665276,95200
2021-11-04,39.91,39.98,39.189999,39.779999,39.536072,91400
2021-11-05,39.860001,41.080002,39.860001,40.91,40.659142,88400
2021-11-08,41.060001,41.290001,40.689999,40.77,40.52,54800
2021-11-09,40.169998,40.68,40.0,40.57,40.57,62200
2021-11-10,40.599998,40.970001,40.34,40.73,40.73,94800
2021-11-11,40.810001,41.0,40.41,40.610001,40.610001,53800
2021-11-12,40.720001,40.720001,39.959999,40.419998,40.419998,65800
2021-11-15,40.41,40.529999,39.880001,40.02,40.02,136800
2021-11-16,39.84,40.439999,39.5,39.860001,39.860001,118500
2021-11-17,39.709999,39.709999,38.709999,39.279999,39.279999,170600
2021-11-18,39.110001,40.029999,38.490002,38.990002,38.990002,124000
2021-11-19,38.619999,38.880001,38.41,38.5,38.5,178700
2021-11-22,38.5,40.25,38.119999,39.669998,39.669998,104400
2021-11-23,40.110001,40.959999,40.110001,40.810001,40.810001,98600
2021-11-24,40.810001,40.900002,40.459999,40.639999,40.639999,54600
2021-11-26,39.57,40.0,39.009998,39.700001,39.700001,83800
2021-11-29,40.07,40.139999,38.860001,38.91,38.91,105700
2021-11-30,38.41,39.080002,38.16,38.610001,38.610001,115400
2021-12-01,39.220001,39.900002,38.700001,38.700001,38.700001,121900
2021-12-02,38.91,40.119999,38.91,39.740002,39.740002,120700
2021-12-03,39.77,39.779999,38.990002,39.27,39.27,85000
2021-12-06,39.790001,40.68,39.700001,40.290001,40.290001,103700
2021-12-07,40.619999,40.619999,39.740002,39.91,39.91,124400
2021-12-08,39.959999,40.220001,39.57,40.080002,40.080002,86500
2021-12-09,39.689999,40.509998,39.52,39.98,39.98,80500
2021-12-10,40.349998,40.860001,40.060001,40.740002,40.740002,77400
2021-12-13,40.48,40.889999,40.16,40.299999,40.299999,92300
2021-12-14,40.330002,40.98,40.330002,40.529999,40.529999,177400
2021-12-15,40.709999,41.310001,40.330002,40.52,40.52,281900
2021-12-16,40.860001,41.599998,40.599998,41.09,41.09,208100
2021-12-17,41.119999,41.419998,40.419998,41.279999,41.279999,532300
2021-12-20,40.84,40.84,39.349998,39.939999,39.939999,128900
2021-12-21,40.25,41.07,40.25,40.41,40.41,108400
2021-12-22,40.389999,40.810001,39.900002,40.75,40.75,64500
2021-12-23,40.939999,41.029999,40.5,40.580002,40.580002,55100
2021-12-27,40.59,41.119999,40.279999,40.93,40.93,59700
2021-12-28,40.799999,41.389999,40.799999,41.060001,41.060001,45500
2021-12-29,41.099998,41.32,40.759998,41.139999,41.139999,34600
2021-12-30,40.98,41.59,40.580002,41.139999,41.139999,82000
2021-12-31,40.919998,41.419998,40.66,41.380001,41.380001,61800
2022-01-03,41.439999,41.970001,40.860001,41.299999,41.299999,54600
2022-01-04,41.32,42.009998,41.189999,41.849998,41.849998,101300
2022-01-05,42.080002,42.369999,41.310001,41.5,41.5,63400
2022-01-06,41.75,41.91,41.34,41.619999,41.619999,53100
2022-01-07,41.549999,42.049999,41.470001,41.919998,41.919998,42200
2022-01-10,42.09,42.830002,41.91,42.59,42.59,126200
2022-01-11,42.759998,42.759998,41.369999,41.560001,41.560001,95900
2022-01-12,41.810001,42.049999,41.16,41.419998,41.419998,95400
2022-01-13,41.400002,41.790001,41.299999,41.470001,41.470001,46700
2022-01-14,41.27,41.849998,40.860001,41.779999,41.779999,72300
2022-01-18,41.48,41.48,40.400002,40.779999,40.779999,70200
2022-01-19,41.02,41.02,39.380001,39.459999,39.459999,90400
2022-01-20,39.59,39.950001,38.84,39.060001,39.060001,68900
2022-01-21,38.98,39.889999,38.830002,38.970001,38.970001,181300
2022-01-24,38.880001,40.540001,38.75,40.310001,40.310001,139100
2022-01-25,39.91,40.130001,38.959999,39.310001,39.310001,97800
2022-01-26,39.639999,39.919998,38.169998,38.419998,38.419998,129800
2022-01-27,38.490002,39.130001,37.959999,38.07,38.07,102600
2022-01-28,37.970001,38.389999,37.23,38.34,38.34,113900
2022-01-31,38.049999,39.119999,37.709999,39.099998,39.099998,229800
2022-02-01,38.959999,39.240002,38.419998,39.080002,39.080002,145681
