Date,Open,High,Low,Close,Adj Close,Volume
2012-02-06,19.43,19.48,18.82,18.92,13.83512,28200
2012-02-07,18.860001,19.33,18.74,18.959999,13.864373,19400
2012-02-08,19.02,19.389999,18.860001,19.17,14.017933,20100
2012-02-09,19.200001,19.200001,18.6,18.620001,13.615747,21800
2012-02-10,18.370001,18.620001,18.1,18.15,13.272064,34700
2012-02-13,18.4,18.49,18.190001,18.459999,13.498757,37000
2012-02-14,18.379999,18.379999,17.879999,18.26,13.352498,32800
2012-02-15,18.43,18.57,17.83,17.959999,13.133127,55300
2012-02-16,18.01,18.9,18.01,18.83,13.769311,36600
2012-02-17,18.950001,19.040001,18.690001,18.860001,13.791248,32800
2012-02-21,18.93,18.93,18.209999,18.389999,13.447565,20800
2012-02-22,18.290001,18.32,17.93,17.93,13.111194,36700
2012-02-23,18.0,18.690001,17.690001,18.65,13.637689,34800
2012-02-24,18.610001,18.610001,18.27,18.360001,13.425627,31800
2012-02-27,18.299999,18.48,17.98,18.35,13.418314,21300
2012-02-28,18.32,18.48,18.02,18.299999,13.381751,30300
2012-02-29,18.309999,18.43,18.02,18.059999,13.206254,62900
2012-03-01,18.17,18.4,17.99,18.09,13.228189,59000
2012-03-02,18.110001,18.110001,17.309999,17.75,12.979568,113900
2012-03-05,17.620001,18.16,17.530001,18.129999,13.257441,83400
2012-03-06,18.059999,18.07,17.5,17.6,12.869879,38200
2012-03-07,17.719999,17.84,17.559999,17.700001,12.943004,64400
2012-03-08,17.82,17.98,17.49,17.92,13.103881,76000
2012-03-09,17.969999,18.57,17.889999,18.219999,13.323248,37100
2012-03-12,18.18,18.24,17.82,17.969999,13.14044,22300
2012-03-13,18.200001,18.530001,17.940001,18.51,13.535313,66600
2012-03-14,18.41,18.65,18.309999,18.370001,13.432937,36200
2012-03-15,18.379999,18.690001,18.35,18.65,13.637689,26100
2012-03-16,18.719999,18.719999,18.48,18.639999,13.630376,58400
2012-03-19,18.610001,19.15,18.459999,18.780001,13.732754,37600
2012-03-20,18.559999,18.799999,18.49,18.530001,13.549937,15800
2012-03-21,18.639999,18.67,18.35,18.43,13.476811,26000
2012-03-22,18.26,18.34,18.07,18.299999,13.381751,25300
2012-03-23,18.1,18.469999,17.879999,18.440001,13.484126,49700
2012-03-26,18.75,19.139999,18.49,19.110001,13.974056,39500
2012-03-27,19.059999,19.24,18.65,18.700001,13.674252,35400
2012-03-28,18.780001,19.049999,18.59,19.02,13.908245,49400
2012-03-29,18.799999,18.85,18.379999,18.65,13.637689,24500
2012-03-30,18.860001,18.860001,18.17,18.17,13.286691,48200
2012-04-02,18.049999,18.629999,18.0,18.530001,13.549937,30200
2012-04-03,18.450001,18.620001,18.059999,18.25,13.345187,33600
2012-04-04,17.959999,18.15,17.950001,17.969999,13.14044,41100
2012-04-05,17.950001,18.07,17.9,17.940001,13.118505,23500
2012-04-09,17.629999,17.799999,17.530001,17.549999,12.83332,37600
2012-04-10,17.549999,17.610001,17.1,17.18,12.56276,66400
2012-04-11,17.469999,17.65,17.26,17.620001,12.884505,33300
2012-04-12,17.58,18.110001,17.57,18.0,13.16238,38200
2012-04-13,17.870001,17.889999,17.32,17.4,12.723637,49900
2012-04-16,17.450001,18.01,17.389999,17.780001,13.001505,29900
2012-04-17,18.030001,18.5,18.030001,18.25,13.345187,31900
2012-04-18,18.110001,18.110001,17.68,17.809999,13.023443,40400
2012-04-19,17.85,18.09,17.85,17.959999,13.133127,108200
2012-04-20,18.440001,18.440001,18.15,18.360001,13.425627,79200
2012-04-23,18.200001,18.209999,17.950001,18.030001,13.184318,107000
2012-04-24,18.02,18.43,18.02,18.299999,13.381751,50900
2012-04-25,18.549999,18.74,18.18,18.280001,13.367124,70500
2012-04-26,18.299999,18.41,18.25,18.32,13.396376,27700
2012-04-27,18.32,18.459999,17.950001,18.4,13.454876,59100
2012-04-30,18.33,18.33,17.969999,18.01,13.169692,83000
2012-05-01,17.969999,18.32,17.700001,17.84,13.045377,97000
2012-05-02,17.74,18.049999,17.639999,17.83,13.038068,56700
2012-05-03,17.76,17.91,17.68,17.870001,13.067317,142800
2012-05-04,17.719999,17.790001,17.450001,17.65,12.906444,46200
2012-05-07,17.49,17.959999,17.49,17.780001,13.090507,21200
2012-05-08,17.58,18.129999,17.58,18.030001,13.274569,31900
2012-05-09,17.709999,17.969999,17.51,17.73,13.053693,29000
2012-05-10,17.940001,18.07,17.82,17.93,13.200943,18000
2012-05-11,17.67,18.01,17.459999,17.549999,12.921163,39200
2012-05-14,17.27,17.450001,17.1,17.200001,12.663485,42300
2012-05-15,17.17,17.469999,17.17,17.379999,12.796004,38000
2012-05-16,17.530001,17.549999,17.200001,17.200001,12.663485,57300
2012-05-17,17.290001,17.799999,17.1,17.530001,12.906446,64800
2012-05-18,17.469999,17.799999,17.42,17.57,12.935894,61900
2012-05-21,17.629999,17.92,17.52,17.780001,13.090507,81700
2012-05-22,17.84,18.110001,17.32,17.459999,12.854903,48000
2012-05-23,17.200001,17.540001,17.07,17.49,12.876992,37000
2012-05-24,17.49,17.6,17.07,17.4,12.810732,33500
2012-05-25,17.379999,17.5,17.299999,17.379999,12.796004,28300
2012-05-29,17.5,17.690001,17.309999,17.67,13.009518,54000
2012-05-30,17.440001,17.77,17.440001,17.530001,12.906446,51800
2012-05-31,17.549999,17.860001,17.530001,17.790001,13.097868,82300
2012-06-01,17.26,17.559999,16.700001,16.74,12.324806,33100
2012-06-04,16.9,17.280001,16.66,16.940001,12.472057,51200
2012-06-05,16.889999,17.24,16.870001,16.98,12.501506,39900
2012-06-06,17.07,17.07,16.91,16.98,12.501506,170000
2012-06-07,17.32,17.440001,16.98,17.09,12.582492,65600
2012-06-08,17.02,17.57,16.870001,17.200001,12.663485,31600
2012-06-11,17.440001,17.84,16.91,16.940001,12.472057,60200
2012-06-12,17.049999,17.07,16.76,17.0,12.516232,36000
2012-06-13,16.959999,17.23,16.66,16.75,12.332171,31300
2012-06-14,16.709999,17.280001,16.709999,17.219999,12.678205,36800
2012-06-15,17.139999,17.700001,17.08,17.629999,12.980067,73000
2012-06-18,17.4,17.639999,17.15,17.27,12.715021,41400
2012-06-19,17.309999,17.92,17.190001,17.82,13.119958,49400
2012-06-20,17.77,18.059999,17.73,17.75,13.068415,13800
2012-06-21,17.790001,17.83,16.940001,17.139999,12.619304,50500
2012-06-22,17.290001,17.809999,17.200001,17.75,13.068415,111800
2012-06-25,17.4,17.440001,17.01,17.17,12.641395,42600
2012-06-26,17.139999,17.4,17.08,17.23,12.685571,14800
2012-06-27,17.34,17.809999,17.219999,17.690001,13.024245,31500
2012-06-28,17.549999,17.959999,17.379999,17.950001,13.215667,67200
2012-06-29,18.25,18.25,17.870001,18.0,13.25248,69900
2012-07-02,18.030001,18.469999,17.790001,18.469999,13.598515,41700
2012-07-03,18.4,18.82,18.15,18.77,13.819392,28000
2012-07-05,18.85,18.85,18.48,18.5,13.620604,16200
2012-07-06,18.26,18.629999,18.209999,18.52,13.63533,21600
2012-07-09,18.42,18.450001,18.120001,18.280001,13.458627,16500
2012-07-10,18.35,18.469999,18.190001,18.389999,13.539619,19100
2012-07-11,18.49,18.879999,18.35,18.83,13.863568,59800
2012-07-12,18.66,18.83,18.58,18.58,13.679507,62500
2012-07-13,18.620001,18.85,18.49,18.57,13.672142,58300
2012-07-16,18.5,18.57,18.299999,18.33,13.495441,30100
2012-07-17,18.42,18.610001,18.290001,18.450001,13.583789,15300
2012-07-18,18.469999,18.950001,18.4,18.799999,13.841479,61600
2012-07-19,18.84,18.950001,18.41,18.690001,13.76049,65400
2012-07-20,18.57,18.950001,18.57,18.700001,13.767858,69000
2012-07-23,18.290001,18.700001,18.290001,18.32,13.48808,32700
2012-07-24,18.450001,18.450001,17.67,17.799999,13.10523,40100
2012-07-25,17.889999,18.049999,17.58,17.690001,13.024245,43000
2012-07-26,17.969999,17.969999,17.629999,17.709999,13.038968,23000
2012-07-27,17.75,17.92,17.620001,17.85,13.142046,124400
2012-07-30,17.83,18.07,17.780001,17.780001,13.090507,55000
2012-07-31,17.76,17.969999,17.629999,17.809999,13.112595,80100
2012-08-01,17.860001,18.120001,17.74,17.74,13.061056,89400
2012-08-02,17.700001,18.15,17.700001,18.01,13.259844,40900
2012-08-03,18.25,18.879999,18.25,18.4,13.546984,139800
2012-08-06,18.34,18.709999,18.32,18.51,13.71743,38900
2012-08-07,18.68,18.719999,18.51,18.559999,13.754482,46000
2012-08-08,18.66,18.68,18.469999,18.59,13.776716,23700
2012-08-09,18.610001,18.66,18.389999,18.48,13.695199,11600
2012-08-10,18.5,18.559999,18.42,18.52,13.724843,31100
2012-08-13,18.440001,18.620001,17.99,18.309999,13.569216,14600
2012-08-14,18.4,18.5,18.059999,18.139999,13.443231,16800
2012-08-15,18.17,18.43,18.17,18.4,13.635913,20500
2012-08-16,18.450001,18.5,18.209999,18.459999,13.680378,59600
2012-08-17,18.4,18.690001,18.32,18.65,13.821178,47600
2012-08-20,18.629999,18.75,18.26,18.48,13.695199,83500
2012-08-21,18.52,18.809999,18.440001,18.57,13.761892,69600
2012-08-22,18.52,18.610001,18.32,18.459999,13.680378,30000
2012-08-23,18.209999,18.26,17.98,17.98,13.324659,16700
2012-08-24,17.950001,18.24,17.790001,17.98,13.324659,20300
2012-08-27,18.030001,18.110001,17.91,18.01,13.346891,15800
2012-08-28,17.99,18.139999,17.959999,18.040001,13.369122,33100
2012-08-29,18.129999,18.459999,18.07,18.299999,13.561802,21800
2012-08-30,18.129999,18.200001,17.85,18.120001,13.428412,47000
2012-08-31,18.24,18.66,18.049999,18.34,13.591449,49100
2012-09-04,18.43,18.700001,18.17,18.620001,13.798948,41700
2012-09-05,18.690001,18.709999,18.27,18.370001,13.61368,40600
2012-09-06,18.49,18.82,18.4,18.790001,13.924932,42600
2012-09-07,18.889999,18.889999,18.700001,18.83,13.954578,27500
2012-09-10,18.74,18.940001,18.540001,18.540001,13.739662,37100
2012-09-11,18.43,18.719999,18.41,18.639999,13.813777,42300
2012-09-12,18.620001,18.799999,18.26,18.43,13.658144,36500
2012-09-13,18.48,18.91,18.360001,18.889999,13.999039,47000
2012-09-14,18.959999,19.42,18.719999,19.4,14.376994,74300
2012-09-17,19.23,19.41,19.059999,19.379999,14.362174,22100
2012-09-18,19.25,19.5,18.870001,19.48,14.43628,56100
2012-09-19,19.5,19.52,19.200001,19.280001,14.288063,29400
2012-09-20,19.120001,19.35,19.09,19.309999,14.310295,13600
2012-09-21,19.690001,19.709999,19.41,19.57,14.502975,119300
2012-09-24,19.440001,19.85,19.440001,19.799999,14.673425,32900
2012-09-25,19.799999,19.799999,19.379999,19.42,14.391815,53800
2012-09-26,19.540001,19.75,19.24,19.33,14.325113,36700
2012-09-27,19.440001,19.690001,19.16,19.540001,14.480743,25300
2012-09-28,19.41,19.51,19.24,19.25,14.265826,20400
2012-10-01,19.32,19.799999,19.25,19.34,14.332524,42400
2012-10-02,19.4,19.610001,19.24,19.610001,14.532624,28500
2012-10-03,19.66,19.799999,19.51,19.559999,14.495566,28500
2012-10-04,19.540001,19.540001,19.280001,19.42,14.391815,34100
2012-10-05,19.450001,19.690001,19.33,19.440001,14.406639,13100
2012-10-08,19.280001,19.459999,19.25,19.26,14.27324,8100
2012-10-09,19.17,19.25,18.629999,18.91,14.013862,36000
2012-10-10,18.9,19.42,18.9,19.190001,14.221366,18800
2012-10-11,19.370001,19.41,19.17,19.299999,14.302885,15500
2012-10-12,19.27,19.33,18.91,18.940001,14.036095,21100
2012-10-15,19.059999,19.18,18.950001,19.1,14.154669,27800
2012-10-16,19.280001,19.559999,19.059999,19.5,14.451101,39700
2012-10-17,19.49,19.799999,19.49,19.74,14.628958,21200
2012-10-18,19.780001,19.809999,19.42,19.549999,14.488155,60400
2012-10-19,19.389999,19.719999,19.190001,19.379999,14.362174,71400
2012-10-22,19.389999,19.389999,19.129999,19.280001,14.288063,31700
2012-10-23,19.129999,19.299999,18.870001,19.209999,14.236182,38000
2012-10-24,19.370001,19.379999,19.059999,19.190001,14.221366,14800
2012-10-25,19.379999,19.450001,19.16,19.41,14.384405,15700
2012-10-26,19.469999,19.469999,19.18,19.26,14.27324,14800
2012-10-31,19.23,19.23,18.83,19.120001,14.169491,29500
2012-11-01,19.190001,19.370001,18.969999,19.23,14.251006,41900
2012-11-02,19.32,19.32,18.5,18.59,13.776716,73000
2012-11-05,18.469999,19.049999,18.219999,18.9,14.112738,23600
2012-11-06,19.0,19.120001,18.76,18.950001,14.150073,18900
2012-11-07,18.690001,18.73,18.120001,18.25,13.627375,35000
2012-11-08,18.280001,18.360001,17.84,17.85,13.328693,22900
2012-11-09,17.82,17.969999,17.379999,17.83,13.313759,30400
2012-11-12,17.84,18.059999,17.68,17.84,13.321226,15200
2012-11-13,17.780001,18.15,17.620001,17.809999,13.298824,62500
2012-11-14,17.91,18.09,17.57,17.690001,13.20922,46600
2012-11-15,17.75,17.879999,17.24,17.309999,12.925468,26400
2012-11-16,17.209999,17.370001,16.75,17.200001,12.843336,71800
2012-11-19,17.4,17.75,17.370001,17.5,13.067348,50400
2012-11-20,17.42,17.74,16.870001,17.66,13.186818,39500
2012-11-21,17.780001,18.02,17.610001,17.98,13.425769,38600
2012-11-23,18.07,18.190001,17.91,18.190001,13.582575,13100
2012-11-26,18.200001,18.379999,17.93,18.360001,13.709515,28700
2012-11-27,18.4,18.4,18.15,18.17,13.567637,27200
2012-11-28,18.040001,18.379999,17.91,18.35,13.702047,33900
2012-11-29,18.549999,18.799999,18.370001,18.77,14.015662,29500
2012-11-30,18.85,18.950001,18.51,18.84,14.067932,103000
2012-12-03,19.030001,19.030001,18.690001,18.940001,14.142602,24800
2012-12-04,18.9,18.950001,18.700001,18.93,14.135131,20200
2012-12-05,19.0,19.0,18.59,18.879999,14.0978,19500
2012-12-06,18.83,19.0,18.549999,19.0,14.1874,17800
2012-12-07,18.690001,18.879999,18.530001,18.780001,14.023131,21300
2012-12-10,18.76,19.02,18.610001,19.02,14.202338,32800
2012-12-11,19.200001,19.540001,18.959999,19.51,14.568224,62300
2012-12-12,19.49,19.49,19.030001,19.15,14.299406,59400
2012-12-13,19.15,19.25,18.549999,18.719999,13.978328,61700
2012-12-14,18.620001,19.1,18.459999,18.809999,14.045533,78800
2012-12-17,18.870001,19.370001,18.870001,19.299999,14.411416,54400
2012-12-18,19.299999,19.440001,19.129999,19.370001,14.463685,49600
2012-12-19,19.09,19.360001,18.98,19.33,14.433812,28300
2012-12-20,19.280001,19.459999,18.959999,19.440001,14.515957,56800
2012-12-21,19.52,19.52,18.879999,19.440001,14.515957,152800
2012-12-24,19.4,19.4,19.110001,19.17,14.314341,14000
2012-12-26,19.540001,19.540001,18.780001,19.129999,14.284476,17500
2012-12-27,19.200001,19.299999,18.74,19.24,14.366614,20500
2012-12-28,19.139999,19.17,18.99,19.07,14.239673,16400
2012-12-31,19.120001,19.43,18.9,19.42,14.501019,47900
2013-01-02,19.76,20.15,19.67,20.040001,14.96398,106700
2013-01-03,20.129999,20.129999,19.610001,19.85,14.822102,31900
2013-01-04,19.98,20.27,19.85,20.139999,15.038651,84300
2013-01-07,19.98,20.02,19.549999,19.719999,14.725035,27000
2013-01-08,19.67,19.719999,19.43,19.68,14.695164,29600
2013-01-09,19.75,19.83,19.41,19.799999,14.784769,32800
2013-01-10,19.9,20.1,19.639999,20.049999,14.971446,25800
2013-01-11,20.1,20.129999,19.66,20.030001,14.95651,59900
2013-01-14,19.940001,20.110001,19.799999,20.0,14.93411,25600
2013-01-15,19.85,20.09,19.690001,20.07,14.986382,30600
2013-01-16,20.0,20.0,19.610001,19.870001,14.837037,23500
2013-01-17,20.0,20.040001,19.73,19.940001,14.889307,25200
2013-01-18,19.870001,19.93,19.629999,19.74,14.739964,29300
2013-01-22,19.709999,19.83,19.59,19.799999,14.784769,28600
2013-01-23,19.85,20.129999,19.52,20.01,14.941576,66900
2013-01-24,19.99,19.99,19.59,19.65,14.672763,54700
2013-01-25,19.790001,19.860001,19.120001,19.35,14.448754,38000
2013-01-28,19.42,19.450001,19.139999,19.35,14.448754,58800
2013-01-29,19.41,19.84,19.26,19.790001,14.777303,46900
2013-01-30,19.82,19.82,19.18,19.370001,14.463685,28300
2013-01-31,19.370001,19.93,19.25,19.85,14.822102,48000
2013-02-01,19.870001,20.370001,19.85,20.219999,15.098385,66800
2013-02-04,20.08,20.360001,19.780001,19.82,14.799702,60100
2013-02-05,19.83,20.200001,19.799999,20.040001,14.96398,25300
2013-02-06,19.9,20.15,19.780001,20.08,14.993844,25500
2013-02-07,20.129999,20.139999,19.77,19.83,14.807172,20000
2013-02-08,19.91,19.93,19.549999,19.610001,14.642899,29800
2013-02-11,19.559999,19.700001,19.32,19.5,14.665452,24000
2013-02-12,19.540001,19.76,19.5,19.709999,14.823388,27500
2013-02-13,19.51,19.6,19.309999,19.559999,14.710584,27000
2013-02-14,19.51,19.549999,19.24,19.290001,14.507523,43500
2013-02-15,19.459999,19.58,18.99,19.440001,14.620334,45300
2013-02-19,19.530001,19.780001,19.360001,19.6,14.740662,48800
2013-02-20,19.68,19.889999,19.35,19.52,14.680497,64600
2013-02-21,19.57,19.860001,19.52,19.610001,14.748191,35000
2013-02-22,19.76,19.82,19.360001,19.67,14.793313,32800
2013-02-25,19.780001,19.780001,18.76,18.879999,14.199171,40800
2013-02-26,18.98,19.09,18.66,18.92,14.229254,26000
2013-02-27,18.870001,19.469999,18.870001,19.299999,14.51504,22700
2013-02-28,19.32,19.459999,19.049999,19.360001,14.560165,25500
2013-03-01,19.24,19.360001,19.01,19.27,14.492479,37900
2013-03-04,19.16,19.65,19.16,19.6,14.740662,25200
2013-03-05,19.65,19.700001,19.309999,19.48,14.650416,18500
2013-03-06,19.49,19.5,19.209999,19.48,14.650416,17400
2013-03-07,19.5,19.690001,19.35,19.690001,14.808352,68400
2013-03-08,19.75,19.76,19.49,19.639999,14.770744,29100
2013-03-11,19.52,19.65,19.389999,19.65,14.778265,37300
2013-03-12,19.610001,19.65,19.5,19.6,14.740662,17800
2013-03-13,19.65,19.950001,19.379999,19.879999,14.951244,85100
2013-03-14,19.98,20.059999,19.860001,20.01,15.049016,45100
2013-03-15,20.049999,20.629999,19.950001,20.440001,15.372409,106000
2013-03-18,20.16,20.5,19.969999,20.120001,15.131742,10500
2013-03-19,20.08,20.24,19.950001,20.15,15.1543,13800
2013-03-20,20.280001,20.42,19.860001,20.25,15.229512,30000
2013-03-21,20.040001,20.18,19.959999,19.969999,15.018934,14700
2013-03-22,20.01,20.17,19.93,20.139999,15.146791,9000
2013-03-25,20.280001,20.35,20.07,20.129999,15.139267,19100
2013-03-26,20.309999,20.379999,20.07,20.34,15.297194,35100
2013-03-27,20.25,20.370001,20.16,20.26,15.237032,18000
2013-03-28,20.459999,20.469999,20.1,20.1,15.116704,38100
2013-04-01,20.02,20.02,19.440001,19.67,14.793313,88500
2013-04-02,19.799999,19.959999,19.360001,19.4,14.590247,19500
2013-04-03,19.469999,19.51,19.120001,19.129999,14.387189,43600
2013-04-04,19.139999,19.469999,19.129999,19.33,14.537601,20900
2013-04-05,19.07,19.32,19.02,19.23,14.462396,50900
2013-04-08,19.24,19.559999,19.120001,19.5,14.665452,45200
2013-04-09,19.6,19.6,19.16,19.190001,14.432313,23400
2013-04-10,19.309999,19.84,19.23,19.73,14.838431,31600
2013-04-11,19.66,19.73,19.440001,19.610001,14.748191,9100
2013-04-12,19.5,19.58,19.32,19.5,14.665452,11600
2013-04-15,19.42,19.42,18.860001,18.959999,14.259337,68100
2013-04-16,19.200001,19.33,19.0,19.27,14.492479,37700
2013-04-17,19.120001,19.58,18.719999,19.120001,14.379669,50000
2013-04-18,19.110001,20.25,19.110001,19.51,14.672976,35000
2013-04-19,19.209999,20.25,19.209999,20.1,15.116704,52400
2013-04-22,20.18,20.18,19.530001,20.030001,15.064057,31400
2013-04-23,20.24,20.34,19.940001,20.0,15.041493,49500
2013-04-24,19.950001,20.34,19.950001,20.27,15.244554,19200
2013-04-25,20.389999,20.450001,20.030001,20.200001,15.191904,28900
2013-04-26,20.139999,20.299999,20.09,20.200001,15.191904,34000
2013-04-29,20.35,20.4,20.190001,20.33,15.289678,26600
2013-04-30,20.370001,20.549999,20.139999,20.48,15.402492,24900
2013-05-01,20.33,20.59,19.549999,19.75,14.853476,117200
2013-05-02,19.799999,20.280001,19.799999,20.040001,15.07158,33200
2013-05-03,20.370001,20.790001,20.33,20.559999,15.462653,45900
2013-05-06,20.549999,20.83,20.549999,20.700001,15.690042,24900
2013-05-07,20.799999,20.950001,20.65,20.92,15.856802,20600
2013-05-08,20.9,20.940001,20.700001,20.85,15.803746,41500
2013-05-09,20.940001,20.940001,20.43,20.469999,15.515715,41000
2013-05-10,20.559999,20.65,20.1,20.459999,15.508127,40900
2013-05-13,20.49,20.889999,20.469999,20.68,15.674891,13200
2013-05-14,20.68,20.98,20.68,20.9,15.841644,34400
2013-05-15,20.9,21.23,20.67,21.0,15.917442,32200
2013-05-16,20.99,21.48,20.91,21.33,16.167572,22400
2013-05-17,21.4,21.620001,21.27,21.52,16.311584,44500
2013-05-20,21.4,21.9,21.4,21.709999,16.455599,21400
2013-05-21,21.77,21.92,21.629999,21.83,16.546553,30400
2013-05-22,21.790001,22.049999,21.139999,21.33,16.167572,21100
2013-05-23,21.059999,21.620001,21.0,21.549999,16.334324,20900
2013-05-24,21.469999,21.809999,21.450001,21.66,16.417702,15400
2013-05-28,21.959999,22.5,21.5,22.0,16.675415,41000
2013-05-29,21.780001,21.9,21.299999,21.6,16.372227,32000
2013-05-30,21.85,21.85,21.530001,21.68,16.432871,12400
2013-05-31,21.469999,21.67,21.379999,21.42,16.235781,19100
2013-06-03,21.52,22.280001,21.299999,21.91,16.607199,104100
2013-06-04,22.059999,22.200001,21.879999,22.09,16.743626,35400
2013-06-05,22.09,22.370001,21.91,22.0,16.675415,20300
2013-06-06,22.049999,22.450001,21.889999,22.190001,16.819429,35700
2013-06-07,22.41,22.41,21.860001,21.99,16.667833,29700
2013-06-10,22.0,22.1,21.85,22.01,16.682993,25000
2013-06-11,21.67,21.959999,21.51,21.73,16.470758,30900
2013-06-12,21.84,21.85,21.42,21.66,16.417702,14600
2013-06-13,21.65,21.940001,21.59,21.75,16.485918,32400
2013-06-14,21.75,21.75,21.389999,21.43,16.243368,23600
2013-06-17,21.59,21.73,21.25,21.440001,16.250954,25300
2013-06-18,21.5,21.84,21.370001,21.77,16.501083,68300
2013-06-19,21.700001,21.700001,21.24,21.34,16.175148,33300
2013-06-20,21.040001,21.75,21.040001,21.120001,16.008398,39000
2013-06-21,21.219999,21.48,20.77,20.98,15.902276,162300
2013-06-24,20.690001,21.08,20.549999,20.860001,15.811321,43500
2013-06-25,21.049999,21.24,20.6,21.139999,16.02355,51400
2013-06-26,21.280001,21.299999,20.6,21.07,15.970494,27900
2013-06-27,21.190001,21.5,21.049999,21.42,16.235781,28300
2013-06-28,21.41,21.98,21.41,21.620001,16.387383,143300
2013-07-01,21.57,22.49,21.57,22.07,16.728468,32800
2013-07-02,22.1,22.52,21.959999,22.51,17.061979,92500
2013-07-03,22.450001,22.690001,22.450001,22.549999,17.092293,16300
2013-07-05,23.1,23.209999,22.76,23.209999,17.592564,31300
2013-07-08,23.16,23.51,23.030001,23.190001,17.577406,54400
2013-07-09,23.01,23.629999,23.01,23.559999,17.857853,25900
2013-07-10,23.559999,23.65,23.200001,23.49,17.804794,26800
2013-07-11,23.75,23.75,23.280001,23.370001,17.713839,32500
2013-07-12,23.41,23.93,23.41,23.879999,18.100399,19700
2013-07-15,23.889999,24.360001,23.889999,24.219999,18.35811,23800
2013-07-16,24.360001,24.690001,24.209999,24.450001,18.532452,27100
2013-07-17,24.530001,24.700001,23.940001,24.129999,18.289896,28200
2013-07-18,24.290001,25.030001,24.209999,24.9,18.873533,21800
2013-07-19,24.9,25.73,24.9,25.719999,19.495075,43600
2013-07-22,25.540001,26.290001,25.540001,25.98,19.692144,58600
2013-07-23,25.98,26.5,25.98,26.290001,19.927126,20900
2013-07-24,26.469999,26.82,24.549999,25.52,19.343481,68800
2013-07-25,25.530001,25.709999,24.299999,25.01,18.956907,204500
2013-07-26,24.75,25.209999,24.75,25.0,18.949331,34600
2013-07-29,24.940001,24.959999,24.49,24.700001,18.721939,19300
2013-07-30,24.77,24.950001,24.639999,24.780001,18.782578,14200
2013-07-31,24.940001,25.049999,24.42,24.440001,18.52487,38100
2013-08-01,24.559999,25.049999,24.559999,24.950001,18.911438,23600
2013-08-02,24.790001,25.129999,24.709999,24.84,18.828053,22500
2013-08-05,24.889999,25.040001,24.610001,24.75,18.759844,28700
2013-08-06,24.629999,24.77,24.49,24.59,18.638563,13900
2013-08-07,24.42,24.75,24.040001,24.129999,18.289896,33600
2013-08-08,24.290001,24.709999,24.25,24.610001,18.653723,9000
2013-08-09,24.49,24.68,24.370001,24.389999,18.486973,16400
2013-08-12,24.120001,24.889999,24.120001,24.370001,18.593784,14000
2013-08-13,24.48,24.48,24.129999,24.280001,18.525118,24000
2013-08-14,24.35,24.5,24.15,24.389999,18.609047,27600
2013-08-15,24.09,24.5,23.99,23.99,18.303856,34200
2013-08-16,23.879999,24.18,23.709999,23.940001,18.265701,44500
2013-08-19,23.76,24.02,23.59,23.709999,18.090218,21500
2013-08-20,23.68,24.18,23.5,24.01,18.319117,40400
2013-08-21,24.0,24.059999,23.530001,23.73,18.10548,88000
2013-08-22,23.870001,24.860001,23.860001,24.01,18.319117,33600
2013-08-23,23.98,23.98,23.24,23.49,17.922363,105300
2013-08-26,23.42,23.719999,23.370001,23.459999,17.899473,33600
2013-08-27,23.129999,23.219999,22.370001,22.530001,17.189901,35800
2013-08-28,22.51,23.23,22.51,22.799999,17.395906,25200
2013-08-29,22.83,23.33,22.83,23.110001,17.632431,22000
2013-08-30,23.02,23.120001,22.16,22.35,17.052574,38600
2013-09-03,22.690001,23.23,22.5,22.74,17.35013,39800
2013-09-04,22.709999,23.16,22.690001,23.02,17.563765,70900
2013-09-05,22.879999,23.25,22.77,22.9,17.472208,35100
2013-09-06,22.799999,22.82,22.23,22.690001,17.311983,13300
2013-09-09,22.620001,23.0,22.59,22.99,17.540873,10600
2013-09-10,23.0,23.15,22.93,23.1,17.624807,53200
2013-09-11,23.07,23.1,22.950001,23.01,17.556137,16300
2013-09-12,23.0,23.1,22.91,22.99,17.540873,49300
2013-09-13,23.0,23.059999,22.959999,23.0,17.548502,21700
2013-09-16,23.040001,23.049999,22.639999,22.809999,17.403538,25700
2013-09-17,22.83,23.18,22.83,23.049999,17.586657,37400
2013-09-18,23.02,23.219999,22.719999,23.120001,17.640062,115000
2013-09-19,23.120001,23.25,22.92,23.190001,17.69347,282700
2013-09-20,23.200001,23.43,23.139999,23.35,17.81555,125600
2013-09-23,23.26,23.5,23.15,23.49,17.922363,38400
2013-09-24,23.5,23.549999,23.440001,23.49,17.922363,94500
2013-09-25,23.02,23.6,23.02,23.469999,17.907103,56700
2013-09-26,23.5,23.5,23.190001,23.33,17.800289,26100
2013-09-27,23.139999,23.5,23.08,23.299999,17.777401,12100
2013-09-30,23.049999,23.5,22.74,23.24,17.731619,219000
2013-10-01,23.27,23.530001,22.91,23.209999,17.708731,85200
2013-10-02,23.09,23.58,22.950001,23.219999,17.716356,60300
2013-10-03,23.16,23.360001,23.02,23.209999,17.708731,39300
2013-10-04,23.15,23.4,22.969999,23.209999,17.708731,31900
2013-10-07,23.049999,23.360001,23.01,23.01,17.556137,21800
2013-10-08,23.08,23.299999,23.030001,23.059999,17.594284,41900
2013-10-09,23.200001,23.42,23.059999,23.23,17.723991,29200
2013-10-10,23.530001,23.950001,23.299999,23.879999,18.219925,45100
2013-10-11,23.75,24.440001,23.690001,24.440001,18.647198,66800
2013-10-14,24.25,24.76,24.24,24.549999,18.731117,28200
2013-10-15,24.780001,24.780001,24.18,24.200001,18.464083,32900
2013-10-16,24.43,24.5,23.959999,24.290001,18.532753,27300
2013-10-17,24.26,24.75,24.25,24.540001,18.723495,97200
2013-10-18,24.969999,24.98,24.25,24.780001,18.906609,68500
2013-10-21,24.73,24.889999,24.5,24.65,18.807419,41500
2013-10-22,24.700001,25.0,24.58,24.639999,18.799789,44100
2013-10-23,24.549999,24.83,24.42,24.610001,18.776899,56900
2013-10-24,24.639999,24.85,24.389999,24.440001,18.647198,70600
2013-10-25,24.57,24.68,24.24,24.52,18.708231,42300
2013-10-28,24.530001,24.91,24.360001,24.75,18.883722,74900
2013-10-29,24.889999,24.99,24.66,24.780001,18.906609,52900
2013-10-30,24.860001,25.35,24.700001,24.75,18.883722,70500
2013-10-31,24.690001,25.23,24.389999,24.49,18.685345,111900
2013-11-01,24.41,24.99,23.969999,24.530001,18.715866,116700
2013-11-04,24.540001,24.799999,24.280001,24.620001,18.784533,72400
2013-11-05,24.57,25.1,24.43,24.83,18.944756,55700
2013-11-06,25.049999,25.129999,24.780001,25.0,19.074461,17100
2013-11-07,25.049999,25.17,24.6,24.709999,18.853199,47400
2013-11-08,24.57,25.530001,24.379999,25.4,19.521862,101400
2013-11-11,25.4,25.57,25.200001,25.52,19.614096,101700
2013-11-12,25.549999,25.790001,25.35,25.68,19.737061,69700
2013-11-13,25.559999,25.950001,25.049999,25.889999,19.898464,53800
2013-11-14,25.950001,26.08,25.52,25.92,19.921518,32500
2013-11-15,25.879999,26.030001,25.530001,25.620001,19.690948,61200
2013-11-18,25.780001,26.309999,25.209999,26.17,20.113667,45400
2013-11-19,26.110001,26.73,26.059999,26.459999,20.336557,78800
2013-11-20,26.66,26.91,26.280001,26.700001,20.521017,77600
2013-11-21,26.91,27.73,26.780001,27.629999,21.235788,83100
2013-11-22,27.719999,28.280001,27.200001,28.209999,21.681559,83700
2013-11-25,28.35,29.450001,28.35,29.059999,22.334856,98700
2013-11-26,29.18,29.25,28.85,28.93,22.234938,291600
2013-11-27,28.950001,29.27,28.549999,28.959999,22.257994,167500
2013-11-29,29.16,29.4,28.719999,29.18,22.42708,33500
2013-12-02,29.08,29.08,28.139999,28.17,21.650822,99200
2013-12-03,28.059999,28.5,27.879999,28.16,21.643133,182000
2013-12-04,28.02,28.690001,27.799999,27.98,21.504791,38400
2013-12-05,28.040001,28.360001,27.58,28.18,21.65851,57000
2013-12-06,28.49,29.370001,27.940001,29.09,22.357918,58000
2013-12-09,29.139999,29.23,28.51,28.780001,22.119646,82100
2013-12-10,28.65,28.76,28.059999,28.110001,21.604706,50700
2013-12-11,28.200001,28.4,27.450001,27.620001,21.228102,65100
2013-12-12,27.639999,27.790001,27.42,27.5,21.135874,93000
2013-12-13,27.5,27.93,27.15,27.52,21.151245,82700
2013-12-16,27.549999,28.43,27.34,28.290001,21.743053,83700
2013-12-17,28.309999,28.32,27.57,27.74,21.320332,56300
2013-12-18,27.860001,28.85,27.35,28.110001,21.604706,82300
2013-12-19,28.049999,28.049999,27.32,27.469999,21.112822,48700
2013-12-20,27.6,28.9,27.6,28.299999,21.750734,166600
2013-12-23,28.5,28.99,28.27,28.74,22.088911,55100
2013-12-24,28.68,29.0,28.68,28.82,22.150398,32200
2013-12-26,29.0,29.0,28.530001,28.549999,21.942873,43600
2013-12-27,28.67,28.700001,27.540001,28.59,21.973623,42700
2013-12-30,28.49,28.65,28.120001,28.280001,21.735365,59900
2013-12-31,28.35,28.68,28.110001,28.190001,21.666195,69500
2014-01-02,27.99,28.049999,27.65,27.809999,21.374132,57200
2014-01-03,27.83,28.639999,27.74,28.09,21.589333,68700
2014-01-06,28.280001,28.35,27.58,27.610001,21.220419,49200
2014-01-07,27.74,28.200001,27.530001,27.940001,21.474049,59700
2014-01-08,27.98,28.23,27.469999,27.860001,21.41256,63800
2014-01-09,28.040001,28.1,27.549999,28.09,21.589333,61400
2014-01-10,28.139999,28.139999,27.719999,27.99,21.512478,39900
2014-01-13,27.9,28.09,26.99,27.42,21.074389,44700
2014-01-14,27.48,27.91,27.280001,27.66,21.258846,42300
2014-01-15,27.809999,28.07,27.5,27.74,21.320332,50600
2014-01-16,27.74,27.77,27.049999,27.26,20.951416,47900
2014-01-17,27.16,27.719999,27.16,27.540001,21.166618,40700
2014-01-21,27.629999,28.08,27.5,27.92,21.458673,54800
2014-01-22,28.059999,28.059999,27.41,27.58,21.197355,69300
2014-01-23,27.379999,27.559999,26.469999,26.74,20.551752,85400
2014-01-24,26.549999,26.870001,25.610001,25.9,19.906151,76200
2014-01-27,25.91,27.16,25.299999,25.92,19.921518,70200
2014-01-28,25.9,25.9,25.4,25.860001,19.875406,93100
2014-01-29,25.52,25.860001,24.82,25.040001,19.245174,55600
2014-01-30,25.33,25.620001,24.129999,25.32,19.460375,54300
2014-01-31,24.809999,25.08,24.33,24.969999,19.191374,76900
2014-02-03,24.77,25.27,23.889999,24.0,18.445858,108700
2014-02-04,24.08,24.27,23.719999,23.969999,18.422794,54100
2014-02-05,23.91,24.309999,22.99,23.16,17.800247,103900
2014-02-06,23.26,23.469999,22.879999,23.280001,17.892479,127100
2014-02-07,23.41,23.52,22.959999,23.440001,18.015451,75000
2014-02-10,23.33,23.42,22.639999,23.32,18.061918,118000
2014-02-11,23.4,23.870001,23.09,23.709999,18.363985,49700
2014-02-12,23.66,23.950001,23.290001,23.469999,18.178099,63400
2014-02-13,23.299999,23.379999,22.99,23.27,18.023191,89800
2014-02-14,23.27,23.440001,22.9,23.299999,18.046431,27300
2014-02-18,23.299999,24.0,23.280001,23.440001,18.154865,52800
2014-02-19,23.469999,23.52,22.530001,22.530001,17.450048,52600
2014-02-20,22.540001,23.309999,22.540001,23.120001,17.907017,82300
2014-02-21,23.219999,23.620001,23.110001,23.33,18.069662,68700
2014-02-24,23.290001,23.98,23.290001,23.629999,18.302031,36900
2014-02-25,23.57,23.66,23.23,23.379999,18.108393,20300
2014-02-26,23.469999,23.65,23.370001,23.58,18.263296,34800
2014-02-27,23.469999,23.68,23.32,23.6,18.278786,30300
2014-02-28,23.620001,24.16,23.620001,23.73,18.379473,46900
2014-03-03,23.639999,23.73,23.110001,23.700001,18.356243,72300
2014-03-04,24.07,25.4,23.459999,24.879999,19.270178,108400
2014-03-05,24.75,25.02,24.51,24.75,19.169497,38500
2014-03-06,24.73,24.889999,24.58,24.73,19.154003,27300
2014-03-07,24.969999,25.059999,24.01,24.780001,19.192732,52600
2014-03-10,24.65,25.08,24.6,25.040001,19.394104,30400
2014-03-11,24.99,25.08,24.6,24.85,19.246941,43800
2014-03-12,24.700001,25.379999,24.700001,25.030001,19.386362,46400
2014-03-13,25.17,25.17,24.700001,24.870001,19.262434,36100
2014-03-14,24.709999,25.15,24.709999,24.950001,19.324398,22100
2014-03-17,25.08,25.27,24.74,24.790001,19.200474,25700
2014-03-18,24.870001,25.190001,24.549999,25.16,19.487045,21800
2014-03-19,25.1,25.360001,24.809999,24.889999,19.277927,32300
2014-03-20,24.85,25.51,24.85,25.469999,19.727146,25100
2014-03-21,25.65,26.110001,25.549999,25.799999,19.982742,90900
2014-03-24,25.870001,26.200001,25.549999,25.83,20.005981,40900
2014-03-25,26.07,26.07,25.57,25.67,19.882057,30600
2014-03-26,25.780001,25.780001,24.99,25.07,19.417343,45300
2014-03-27,25.01,25.01,24.450001,24.540001,19.006844,30700
2014-03-28,24.51,25.24,24.24,24.42,18.913902,26600
2014-03-31,24.540001,25.18,24.540001,24.98,19.347637,50000
2014-04-01,25.09,25.799999,24.77,25.68,19.889797,29400
2014-04-02,25.67,25.719999,25.190001,25.629999,19.85107,26500
2014-04-03,25.629999,25.99,25.09,25.49,19.742643,31700
2014-04-04,25.74,25.74,24.540001,24.780001,19.192732,47000
2014-04-07,24.6,24.68,24.25,24.52,18.99135,35200
2014-04-08,24.5,24.9,24.17,24.35,18.859682,43900
2014-04-09,24.5,24.5,24.040001,24.42,18.913902,32500
2014-04-10,24.450001,24.459999,23.200001,23.4,18.123884,48700
2014-04-11,23.15,23.610001,23.1,23.34,18.077417,48100
2014-04-14,23.67,23.67,23.299999,23.6,18.278786,46800
2014-04-15,23.65,23.9,23.049999,23.540001,18.232317,98200
2014-04-16,23.82,24.290001,23.790001,24.16,18.712526,23100
2014-04-17,24.33,24.709999,24.01,24.440001,18.92939,27800
2014-04-21,24.389999,24.719999,23.809999,24.65,19.092039,40300
2014-04-22,24.610001,25.440001,24.57,25.129999,19.463812,49300
2014-04-23,25.139999,25.469999,25.02,25.290001,19.587738,51000
2014-04-24,25.5,25.5,24.77,24.82,19.223711,20900
2014-04-25,24.65,24.9,24.360001,24.52,18.99135,48300
2014-04-28,24.6,24.92,24.129999,24.49,18.968115,39200
2014-04-29,24.719999,24.809999,23.9,24.030001,18.611834,25500
2014-04-30,23.870001,24.23,23.51,24.049999,18.627317,48900
2014-05-01,23.91,24.26,23.4,23.73,18.379473,85800
2014-05-02,23.76,24.25,23.48,23.639999,18.309772,39800
2014-05-05,23.4,23.59,23.309999,23.440001,18.154865,33600
2014-05-06,23.41,23.57,23.049999,23.17,17.945747,64900
2014-05-07,23.18,23.93,22.92,23.58,18.263296,51900
2014-05-08,23.540001,23.860001,23.4,23.4,18.123884,38800
2014-05-09,23.4,23.959999,23.299999,23.940001,18.54213,29900
2014-05-12,24.02,24.76,24.02,24.690001,19.267897,124400
2014-05-13,24.549999,24.690001,23.879999,23.959999,18.698204,52500
2014-05-14,23.870001,23.870001,22.940001,22.99,17.941227,60800
2014-05-15,22.780001,22.91,22.41,22.84,17.824162,50600
2014-05-16,22.799999,23.120001,22.58,23.08,18.011457,49500
2014-05-19,23.08,23.540001,23.08,23.52,18.354834,15000
2014-05-20,23.290001,23.299999,22.719999,23.030001,17.972435,109800
2014-05-21,23.290001,23.629999,23.030001,23.200001,18.105103,45700
2014-05-22,23.18,23.52,23.110001,23.25,18.144125,44600
2014-05-23,23.290001,23.65,23.200001,23.58,18.401657,40500
2014-05-27,23.75,24.440001,23.719999,24.23,18.908911,27900
2014-05-28,24.200001,24.200001,23.549999,23.879999,18.635769,28200
2014-05-29,24.049999,24.049999,23.68,23.809999,18.581146,12300
2014-05-30,23.92,24.02,23.620001,23.709999,18.503107,24300
2014-06-02,23.84,24.07,23.25,23.67,18.471889,40700
2014-06-03,23.450001,23.959999,23.360001,23.57,18.39385,41500
2014-06-04,23.450001,23.719999,23.379999,23.540001,18.370443,33900
2014-06-05,23.530001,24.49,23.25,24.49,19.111809,31400
2014-06-06,24.709999,25.280001,24.5,24.860001,19.400558,41500
2014-06-09,24.84,25.469999,24.84,25.290001,19.73613,27500
2014-06-10,25.120001,25.379999,24.889999,25.1,19.587852,40000
2014-06-11,24.93,25.049999,24.33,24.58,19.182049,34200
2014-06-12,24.459999,24.540001,24.09,24.42,19.057188,24400
2014-06-13,24.59,24.85,24.02,24.15,18.846476,17400
2014-06-16,24.08,24.08,23.780001,23.92,18.666988,23900
2014-06-17,23.940001,24.59,23.940001,24.41,19.049385,28100
2014-06-18,24.360001,24.82,24.049999,24.65,19.236675,32200
2014-06-19,24.67,24.74,24.139999,24.32,18.979147,22400
2014-06-20,24.530001,24.639999,24.299999,24.59,19.189856,116500
2014-06-23,24.709999,24.709999,23.870001,23.969999,18.706011,59800
2014-06-24,24.09,24.530001,24.030001,24.360001,19.010359,131100
2014-06-25,24.110001,25.02,24.110001,24.870001,19.408365,67100
2014-06-26,24.73,25.200001,24.43,24.639999,19.228867,27900
2014-06-27,24.4,25.07,24.16,24.889999,19.423965,180200
2014-06-30,24.719999,25.15,24.58,24.91,19.439581,31900
2014-07-01,25.08,25.73,25.08,25.23,19.689302,65500
2014-07-02,25.200001,25.34,24.969999,25.040001,19.541029,33100
2014-07-03,25.26,25.559999,25.18,25.559999,19.946831,16800
2014-07-07,25.370001,25.370001,24.799999,24.860001,19.400558,25600
2014-07-08,24.889999,24.889999,24.4,24.58,19.182049,33000
2014-07-09,24.76,24.870001,24.190001,24.27,18.940132,25800
2014-07-10,23.85,24.15,23.68,23.91,18.659182,31700
2014-07-11,23.790001,23.98,23.51,23.73,18.518711,37000
2014-07-14,24.08,24.18,23.540001,23.66,18.464088,35800
2014-07-15,23.549999,23.92,23.33,23.67,18.471889,49400
2014-07-16,23.93,23.93,23.32,23.450001,18.300205,25500
2014-07-17,23.040001,23.4,22.549999,22.68,17.699301,91900
2014-07-18,22.799999,24.73,22.799999,24.08,18.791851,110200
2014-07-21,23.82,24.610001,23.82,24.24,18.916719,49600
2014-07-22,24.450001,24.68,24.209999,24.23,18.908911,39500
2014-07-23,24.23,24.309999,24.01,24.25,18.92452,80600
2014-07-24,24.02,24.73,24.0,24.15,18.846476,53100
2014-07-25,24.17,24.17,23.73,23.809999,18.581146,70600
2014-07-28,23.799999,24.299999,23.27,23.58,18.401657,44800
2014-07-29,23.620001,23.700001,23.370001,23.48,18.323616,22400
2014-07-30,23.76,23.76,23.23,23.34,18.214365,44300
2014-07-31,22.959999,23.67,22.959999,23.41,18.26899,66600
2014-08-01,23.52,23.860001,23.110001,23.27,18.159735,45400
2014-08-04,23.360001,23.719999,23.110001,23.540001,18.370443,49900
2014-08-05,23.299999,23.879999,23.299999,23.540001,18.370443,28900
2014-08-06,23.48,24.1,23.379999,23.82,18.588951,24900
2014-08-07,23.780001,23.870001,23.25,23.41,18.26899,23700
2014-08-08,23.389999,23.620001,23.219999,23.4,18.261183,29700
2014-08-11,23.280001,23.85,23.25,23.52,18.513065,23900
2014-08-12,23.299999,23.57,23.15,23.25,18.300541,53300
2014-08-13,23.25,23.559999,23.24,23.549999,18.536676,16500
2014-08-14,23.530001,23.77,23.51,23.59,18.568163,9900
2014-08-15,23.92,23.92,22.91,23.43,18.442219,47100
2014-08-18,23.799999,24.01,23.530001,23.870001,18.788555,74400
2014-08-19,23.809999,24.030001,23.4,23.780001,18.717712,29600
2014-08-20,23.809999,23.91,23.35,23.530001,18.520937,24800
2014-08-21,23.5,24.02,23.25,23.93,18.835779,20100
2014-08-22,23.84,24.17,23.82,24.030001,18.914492,40300
2014-08-25,24.120001,24.15,23.75,23.91,18.820038,12900
2014-08-26,23.91,24.18,23.91,24.1,18.969593,24400
2014-08-27,23.889999,24.059999,23.690001,23.92,18.827908,21900
2014-08-28,23.74,24.139999,23.74,23.93,18.835779,23700
2014-08-29,23.93,24.309999,23.780001,24.17,19.024693,33700
2014-09-02,24.16,25.1,24.110001,24.98,19.662262,70000
2014-09-03,25.030001,25.030001,24.15,24.209999,19.056177,23100
2014-09-04,24.23,24.68,24.190001,24.35,19.166368,21100
2014-09-05,24.209999,24.57,24.1,24.459999,19.252953,14400
2014-09-08,24.41,24.450001,24.129999,24.440001,19.237215,14900
2014-09-09,24.33,24.33,23.98,24.0,18.890881,36900
2014-09-10,23.950001,24.309999,23.950001,24.23,19.071915,18300
2014-09-11,23.98,24.75,23.98,24.549999,19.323792,21200
2014-09-12,24.620001,24.620001,23.84,24.110001,18.977463,43300
2014-09-15,23.969999,24.049999,23.85,23.99,18.883015,28100
2014-09-16,23.879999,24.030001,23.85,23.860001,18.780684,30200
2014-09-17,23.92,24.1,23.85,23.92,18.827908,37100
2014-09-18,23.98,24.33,23.85,24.09,18.961725,25800
2014-09-19,24.18,24.34,23.799999,23.860001,18.780684,80800
2014-09-22,23.809999,23.809999,23.379999,23.58,18.560293,31800
2014-09-23,23.530001,23.57,23.1,23.15,18.221828,49600
2014-09-24,23.129999,23.690001,22.799999,23.299999,18.339895,42100
2014-09-25,23.190001,23.68,22.889999,23.049999,18.143114,50500
2014-09-26,23.049999,23.190001,22.889999,23.17,18.237576,19700
2014-09-29,22.83,23.209999,22.75,23.15,18.221828,30600
2014-09-30,23.17,23.190001,22.879999,22.889999,18.017174,85700
2014-10-01,22.85,23.58,22.629999,22.889999,18.017174,51600
2014-10-02,23.26,23.370001,22.950001,23.09,18.174604,21700
2014-10-03,23.379999,23.559999,23.040001,23.129999,18.206091,22000
2014-10-06,23.129999,23.4,22.950001,22.969999,18.080149,19900
2014-10-07,22.950001,23.309999,22.559999,22.67,17.844015,27100
2014-10-08,22.57,23.530001,22.57,23.43,18.442219,36300
2014-10-09,23.48,23.48,22.709999,22.76,17.914848,31000
2014-10-10,22.629999,23.290001,22.59,22.84,17.977818,45500
2014-10-13,22.889999,23.9,22.82,23.57,18.55242,50400
2014-10-14,23.91,24.23,23.91,24.129999,18.993208,62000
2014-10-15,23.66,24.030001,23.41,23.709999,18.662617,72200
2014-10-16,23.6,24.1,23.379999,23.549999,18.536676,45200
2014-10-17,24.09,24.09,23.25,23.27,18.316284,50500
2014-10-20,23.25,23.360001,22.9,23.0,18.103764,77400
2014-10-21,23.059999,23.5,23.059999,23.469999,18.473707,48300
2014-10-22,23.43,23.48,22.639999,22.73,17.891237,51800
2014-10-23,22.879999,23.48,22.84,23.299999,18.339895,42000
2014-10-24,23.35,23.459999,23.0,23.139999,18.213963,31900
2014-10-27,23.02,23.49,22.809999,23.43,18.442219,28400
2014-10-28,23.629999,24.549999,23.459999,24.48,19.268698,92600
2014-10-29,24.639999,24.959999,24.370001,24.77,19.496962,58600
2014-10-30,24.66,25.540001,24.059999,25.120001,19.772457,64900
2014-10-31,25.700001,26.219999,25.120001,25.799999,20.307695,105900
2014-11-03,25.950001,25.950001,25.32,25.5,20.07156,41500
2014-11-04,25.33,25.559999,25.23,25.370001,19.969234,44500
2014-11-05,25.77,25.809999,25.219999,25.67,20.205372,22600
2014-11-06,25.700001,25.790001,25.33,25.74,20.260468,34100
2014-11-07,25.42,25.469999,25.219999,25.4,20.149414,23300
2014-11-10,25.459999,25.790001,25.26,25.709999,20.395327,30500
2014-11-11,25.629999,25.629999,25.110001,25.290001,20.062151,41000
2014-11-12,25.09,25.42,25.09,25.4,20.149414,38800
2014-11-13,25.42,25.48,25.129999,25.209999,19.998686,24400
2014-11-14,25.299999,25.32,25.040001,25.049999,19.871761,37500
2014-11-17,24.889999,24.950001,24.6,24.610001,19.522718,23600
2014-11-18,24.700001,24.92,24.610001,24.799999,19.673443,30400
2014-11-19,24.940001,24.940001,23.969999,24.299999,19.2768,53000
2014-11-20,24.139999,24.5,23.91,24.219999,19.213337,44500
2014-11-21,24.58,24.719999,23.91,24.08,19.102274,39100
2014-11-24,24.43,24.75,23.879999,24.67,19.570311,64800
2014-11-25,24.639999,24.639999,24.450001,24.48,19.419584,21000
2014-11-26,24.48,24.58,24.16,24.51,19.443386,41900
2014-11-28,24.610001,24.610001,23.73,23.77,18.856352,17500
2014-12-01,23.790001,23.870001,23.25,23.469999,18.618374,53900
2014-12-02,23.469999,24.110001,23.42,23.940001,18.99122,25200
2014-12-03,23.9,24.35,23.51,24.1,19.118141,24500
2014-12-04,24.120001,24.200001,23.68,23.940001,18.99122,22300
2014-12-05,23.98,24.74,23.98,24.360001,19.324392,86500
2014-12-08,24.309999,24.940001,24.030001,24.299999,19.2768,23100
2014-12-09,23.98,25.290001,23.98,25.27,20.04628,29800
2014-12-10,25.09,25.09,24.27,24.27,19.253004,38900
2014-12-11,24.469999,24.700001,24.299999,24.469999,19.411655,26700
2014-12-12,24.110001,24.559999,23.889999,24.040001,19.070539,22500
2014-12-15,24.139999,24.34,23.549999,23.66,18.769096,34400
2014-12-16,23.540001,24.43,23.540001,24.26,19.245066,38400
2014-12-17,24.24,25.32,24.09,25.16,19.959021,51900
2014-12-18,25.42,25.42,25.120001,25.379999,20.133547,58400
2014-12-19,25.299999,25.41,25.16,25.309999,20.078014,95500
2014-12-22,25.290001,25.48,25.290001,25.48,20.21287,19700
2014-12-23,25.5,25.51,25.18,25.35,20.109745,43100
2014-12-24,25.469999,25.5,25.200001,25.450001,20.18907,24000
2014-12-26,25.52,26.049999,25.43,25.91,20.553982,19200
2014-12-29,26.0,26.379999,25.879999,26.139999,20.736437,24800
2014-12-30,26.0,26.34,25.889999,25.950001,20.585716,30900
2014-12-31,25.98,26.35,25.93,26.08,20.688845,40600
2015-01-02,26.219999,26.219999,25.1,25.51,20.236668,41700
2015-01-05,25.27,25.65,25.200001,25.25,20.030422,152400
2015-01-06,25.309999,25.48,24.75,25.0,19.832094,104800
2015-01-07,25.17,25.309999,24.950001,25.26,20.038351,69300
2015-01-08,25.52,25.84,25.190001,25.639999,20.339798,30700
2015-01-09,25.620001,25.620001,25.0,25.040001,19.863829,29500
2015-01-12,25.0,25.23,24.85,25.129999,19.935225,75100
2015-01-13,25.42,25.6,24.950001,25.33,20.09388,75100
2015-01-14,25.030001,25.190001,24.870001,25.0,19.832094,44400
2015-01-15,25.040001,25.24,24.450001,24.98,19.816231,80300
2015-01-16,24.870001,25.309999,24.870001,25.24,20.022486,66700
2015-01-20,25.25,25.27,24.66,24.959999,19.800362,111000
2015-01-21,24.860001,25.26,24.43,24.700001,19.59411,37500
2015-01-22,25.030001,25.6,24.82,25.450001,20.18907,54300
2015-01-23,25.42,25.469999,24.299999,24.559999,19.483047,157200
2015-01-26,24.58,25.02,24.26,24.780001,19.657574,42000
2015-01-27,24.440001,24.85,24.440001,24.77,19.649641,42700
2015-01-28,24.969999,24.969999,24.559999,24.82,19.689306,112000
2015-01-29,24.950001,25.76,24.950001,25.73,20.411198,136500
2015-01-30,25.459999,25.58,24.719999,24.73,19.617908,86700
2015-02-02,24.870001,25.1,24.629999,25.1,19.911427,41400
2015-02-03,25.129999,25.690001,25.08,25.09,19.90349,85900
2015-02-04,24.889999,25.370001,24.889999,25.040001,19.863829,49900
2015-02-05,25.280001,25.5,25.17,25.48,20.21287,48200
2015-02-06,25.469999,26.120001,25.280001,25.98,20.60951,54000
2015-02-09,25.65,26.040001,24.82,25.209999,20.169483,43400
2015-02-10,25.459999,25.6,25.110001,25.370001,20.297491,24300
2015-02-11,25.24,25.620001,25.030001,25.309999,20.249489,28700
2015-02-12,25.559999,26.15,25.5,26.030001,20.825531,44100
2015-02-13,25.959999,26.15,25.58,25.85,20.68152,47100
2015-02-17,25.93,25.99,25.690001,25.879999,20.705519,26400
2015-02-18,26.0,26.0,25.59,25.83,20.665514,37700
2015-02-19,25.83,26.120001,25.68,25.889999,20.71352,28700
2015-02-20,25.940001,26.049999,25.49,25.940001,20.753523,41100
2015-02-23,25.77,25.9,25.440001,25.76,20.60951,31500
2015-02-24,25.91,26.15,25.82,26.139999,20.913536,19200
2015-02-25,26.08,26.26,25.809999,25.860001,20.689514,102900
2015-02-26,25.85,26.200001,25.85,25.959999,20.769522,58100
2015-02-27,25.969999,26.030001,25.68,25.780001,20.625511,41000
2015-03-02,25.82,26.1,25.75,26.0,20.801531,51600
2015-03-03,25.84,26.129999,25.799999,25.9,20.721519,31200
2015-03-04,25.76,25.790001,25.379999,25.459999,20.369495,36300
2015-03-05,25.43,25.73,25.17,25.48,20.385496,49600
2015-03-06,25.25,26.120001,25.25,25.52,20.417503,89200
2015-03-09,25.610001,25.92,25.440001,25.690001,20.553509,57500
2015-03-10,25.469999,25.719999,25.27,25.450001,20.361492,34300
2015-03-11,25.559999,25.870001,25.43,25.74,20.593515,33100
2015-03-12,26.01,26.459999,25.85,26.26,21.009544,247400
2015-03-13,26.309999,26.34,25.620001,26.139999,20.913536,70200
2015-03-16,26.34,26.360001,25.92,26.1,20.881536,53000
2015-03-17,25.99,26.32,25.879999,26.110001,20.889536,24100
2015-03-18,26.219999,26.35,25.99,26.200001,20.961544,27300
2015-03-19,26.040001,26.379999,25.85,26.309999,21.049549,40600
2015-03-20,26.5,26.67,26.35,26.5,21.201553,119900
2015-03-23,26.360001,26.74,26.35,26.41,21.129553,54000
2015-03-24,26.26,26.5,26.01,26.41,21.129553,31900
2015-03-25,26.5,26.5,26.01,26.110001,20.889536,50400
2015-03-26,26.1,26.299999,25.92,25.99,20.793528,46200
2015-03-27,26.0,26.049999,25.58,25.809999,20.649517,54800
2015-03-30,25.860001,26.469999,25.860001,26.25,21.001543,65900
2015-03-31,26.09,26.33,25.879999,26.23,20.985546,60200
2015-04-01,26.01,26.690001,25.940001,26.65,21.321564,50400
2015-04-02,26.120001,26.52,25.690001,26.25,21.001543,164200
2015-04-06,26.0,26.389999,25.629999,26.200001,20.961544,46700
2015-04-07,26.15,26.290001,25.780001,25.799999,20.641518,45300
2015-04-08,25.709999,26.18,25.66,26.040001,20.83353,64500
2015-04-09,25.91,26.16,25.58,25.879999,20.705519,20300
2015-04-10,26.049999,26.139999,25.68,25.85,20.68152,20200
2015-04-13,25.85,26.280001,25.77,26.01,20.80953,33200
2015-04-14,26.059999,26.18,25.74,26.02,20.817526,45400
2015-04-15,26.18,26.5,26.110001,26.309999,21.049549,44600
2015-04-16,26.5,27.290001,25.84,26.74,21.39357,67900
2015-04-17,26.25,26.969999,26.040001,26.4,21.121552,127400
2015-04-20,26.620001,26.75,26.459999,26.540001,21.233562,78700
2015-04-21,26.719999,26.719999,26.15,26.27,21.017542,45700
2015-04-22,26.290001,26.5,26.1,26.41,21.129553,31200
2015-04-23,26.280001,26.469999,26.25,26.440001,21.153555,46400
2015-04-24,26.34,26.59,26.280001,26.379999,21.105555,34700
2015-04-27,26.49,26.75,26.139999,26.450001,21.161554,51000
2015-04-28,26.540001,27.01,26.43,26.92,21.537582,34300
2015-04-29,26.75,26.940001,26.440001,26.469999,21.177555,36700
2015-04-30,26.309999,26.459999,26.01,26.059999,20.849537,71800
2015-05-01,26.15,26.290001,25.9,26.0,20.801531,62000
2015-05-04,26.190001,26.43,26.1,26.25,21.001543,39800
2015-05-05,26.25,26.540001,25.950001,26.17,20.93754,75700
2015-05-06,26.219999,26.379999,25.870001,26.25,21.001543,31700
2015-05-07,26.129999,26.360001,25.92,26.01,20.80953,43100
2015-05-08,26.440001,26.52,26.07,26.34,21.073545,60600
2015-05-11,26.110001,26.52,26.110001,26.18,21.121962,37400
2015-05-12,26.16,26.290001,25.799999,26.26,21.186504,38000
2015-05-13,26.200001,26.370001,25.870001,26.0,20.976734,25300
2015-05-14,26.24,26.32,25.959999,26.25,21.178429,37300
2015-05-15,26.280001,26.280001,25.76,25.91,20.904119,33800
2015-05-18,25.799999,26.6,25.799999,26.459999,21.347858,39300
2015-05-19,26.209999,26.73,26.209999,26.540001,21.412407,25900
2015-05-20,26.799999,26.799999,26.459999,26.59,21.452749,29400
2015-05-21,26.68,26.84,26.33,26.379999,21.283318,33400
2015-05-22,26.42,26.610001,26.059999,26.27,21.194565,63400
2015-05-26,26.1,26.879999,25.59,25.83,20.839573,35400
2015-05-27,25.93,26.379999,25.719999,26.280001,21.202637,23500
2015-05-28,26.280001,26.57,26.110001,26.52,21.396271,29900
2015-05-29,26.549999,26.549999,25.9,26.139999,21.089685,33200
2015-06-01,26.290001,26.57,25.67,26.09,21.049347,45000
2015-06-02,25.889999,26.74,25.799999,26.4,21.299452,21500
2015-06-03,26.540001,27.1,26.459999,26.85,21.662512,44200
2015-06-04,26.59,26.67,26.309999,26.620001,21.47695,28300
2015-06-05,26.719999,27.190001,26.549999,27.110001,21.87228,41400
2015-06-08,27.0,27.030001,26.700001,26.77,21.597971,22000
2015-06-09,26.870001,27.120001,26.469999,26.91,21.710917,22500
2015-06-10,27.129999,27.91,27.120001,27.5,22.186926,41400
2015-06-11,27.620001,27.620001,26.68,27.35,22.06591,27800
2015-06-12,27.4,27.4,26.809999,27.25,21.985231,43200
2015-06-15,27.01,27.389999,26.809999,27.18,21.928759,28700
2015-06-16,27.219999,27.530001,27.01,27.43,22.130455,27300
2015-06-17,27.58,27.58,26.91,26.92,21.718988,33400
2015-06-18,27.049999,27.48,26.82,27.24,21.977163,48900
2015-06-19,27.110001,27.790001,27.110001,27.76,22.3967,90700
2015-06-22,27.950001,28.280001,27.790001,28.24,22.78396,28700
2015-06-23,28.129999,28.76,28.129999,28.75,23.195427,28600
2015-06-24,28.530001,28.620001,27.91,28.07,22.646803,46600
2015-06-25,28.27,28.309999,27.83,28.15,22.711346,27900
2015-06-26,28.299999,28.5,27.959999,28.209999,22.75975,188900
2015-06-29,28.049999,28.299999,27.59,27.66,22.316021,44900
2015-06-30,28.059999,28.190001,27.77,27.98,22.574192,40000
2015-07-01,28.129999,28.440001,28.09,28.35,22.872705,30700
2015-07-02,28.33,28.379999,27.83,27.83,22.453176,36600
2015-07-06,27.66,28.110001,27.629999,27.98,22.574192,39300
2015-07-07,27.950001,28.02,27.57,27.85,22.469305,27300
2015-07-08,27.68,27.99,27.68,27.9,22.509647,36700
2015-07-09,28.25,28.309999,27.48,28.0,22.590324,24200
2015-07-10,28.209999,28.66,28.209999,28.360001,22.880777,33600
2015-07-13,28.42,28.67,28.309999,28.51,23.001795,24200
2015-07-14,28.360001,28.629999,28.219999,28.540001,23.026003,26900
2015-07-15,28.67,28.870001,28.469999,28.66,23.122814,35400
2015-07-16,28.49,28.809999,27.85,28.540001,23.026003,48700
2015-07-17,28.690001,28.690001,28.08,28.450001,22.953392,68000
2015-07-20,28.309999,28.42,28.120001,28.309999,22.840433,25300
2015-07-21,28.26,28.620001,27.969999,28.059999,22.638735,39400
2015-07-22,28.08,28.6,28.08,28.379999,22.896912,34100
2015-07-23,28.280001,28.42,27.65,27.709999,22.356356,25600
2015-07-24,27.610001,27.73,27.370001,27.370001,22.08205,42100
2015-07-27,27.139999,27.52,27.139999,27.4,22.106247,20700
2015-07-28,27.459999,27.459999,26.940001,27.190001,21.936825,21300
2015-07-29,27.26,27.35,26.879999,27.049999,21.823868,18200
2015-07-30,26.92,27.32,26.879999,27.27,22.001368,15500
2015-07-31,27.18,27.6,27.030001,27.34,22.057838,42500
2015-08-03,27.33,27.58,26.959999,27.26,21.993299,26100
2015-08-04,27.389999,27.73,27.09,27.23,21.969093,21100
2015-08-05,27.26,27.83,27.120001,27.309999,22.033638,41800
2015-08-06,27.27,27.4,26.83,26.92,21.718988,31200
2015-08-07,26.75,27.120001,26.4,26.629999,21.485006,21100
2015-08-10,26.52,27.0,26.51,26.549999,21.598909,35900
2015-08-11,26.43,26.84,26.280001,26.719999,21.737207,23600
2015-08-12,26.41,26.719999,26.059999,26.65,21.680264,33900
2015-08-13,26.700001,26.799999,26.4,26.58,21.623314,67000
2015-08-14,26.52,27.23,26.52,27.18,22.111425,108100
2015-08-17,27.01,27.700001,26.940001,27.459999,22.339209,26500
2015-08-18,27.43,28.49,26.940001,27.120001,22.062614,114900
2015-08-19,27.25,27.559999,26.76,27.120001,22.062614,32800
2015-08-20,27.09,27.190001,26.559999,26.58,21.623314,46900
2015-08-21,26.040001,26.9,25.57,26.24,21.346724,99700
2015-08-24,25.190001,26.35,24.040001,24.98,20.32169,67000
2015-08-25,25.92,25.92,24.450001,24.620001,20.028822,54000
2015-08-26,24.76,25.620001,24.68,25.51,20.75285,75500
2015-08-27,25.790001,26.0,25.219999,25.67,20.883009,47200
2015-08-28,25.43,25.969999,25.370001,25.610001,20.834208,44200
2015-08-31,25.67,25.809999,25.5,25.67,20.883009,60200
2015-09-01,25.190001,25.440001,24.870001,25.040001,20.370497,69500
2015-09-02,25.41,25.700001,25.15,25.700001,20.907419,112500
2015-09-03,25.77,25.98,25.49,25.49,20.736574,39000
2015-09-04,25.09,25.67,25.09,25.52,20.760988,17300
2015-09-08,25.92,26.09,25.690001,26.01,21.159605,25700
2015-09-09,26.25,26.370001,25.49,25.49,20.736574,73100
2015-09-10,25.5,26.0,25.5,25.870001,21.045719,14100
2015-09-11,25.639999,25.99,25.639999,25.940001,21.102665,17200
2015-09-14,25.950001,26.200001,25.870001,25.91,21.078259,14300
2015-09-15,26.030001,26.65,25.959999,26.34,21.428068,30500
2015-09-16,26.389999,26.389999,25.99,26.139999,21.265368,20700
2015-09-17,26.07,26.65,25.77,25.870001,21.045719,35700
2015-09-18,25.42,25.82,25.34,25.75,20.948092,71000
2015-09-21,25.9,26.25,25.799999,25.98,21.135199,23900
2015-09-22,25.790001,26.059999,25.67,25.870001,21.045719,20400
2015-09-23,25.940001,26.200001,25.5,25.99,21.143339,17000
2015-09-24,25.709999,26.389999,25.709999,26.33,21.419933,34300
2015-09-25,26.66,26.74,26.02,26.07,21.208422,58600
2015-09-28,26.01,26.370001,25.85,26.219999,21.330448,30500
2015-09-29,26.209999,26.459999,26.110001,26.200001,21.314178,30800
2015-09-30,26.42,26.790001,26.110001,26.18,21.297907,49400
2015-10-01,26.209999,26.389999,25.74,26.139999,21.265368,65300
2015-10-02,25.860001,25.860001,24.84,25.58,20.809797,55000
2015-10-05,25.809999,26.280001,25.809999,26.209999,21.322315,30000
2015-10-06,26.1,26.48,25.82,26.15,21.273499,41800
2015-10-07,26.32,26.49,26.120001,26.49,21.550098,27300
2015-10-08,26.469999,26.83,26.450001,26.76,21.769747,58800
2015-10-09,26.82,26.92,26.52,26.68,21.704666,29700
2015-10-12,26.66,27.09,26.57,26.889999,21.875505,29400
2015-10-13,26.690001,27.030001,26.49,26.629999,21.663986,19700
2015-10-14,27.07,27.07,26.030001,26.17,21.289772,26600
2015-10-15,26.190001,27.07,26.129999,26.99,21.956848,41300
2015-10-16,27.1,27.18,26.620001,26.879999,21.867371,27600
2015-10-19,26.690001,27.09,26.690001,26.99,21.956848,12200
2015-10-20,26.969999,27.33,26.889999,27.219999,22.143963,18800
2015-10-21,27.370001,27.48,26.84,26.99,21.956848,44500
2015-10-22,25.959999,27.549999,25.76,27.24,22.160238,86000
2015-10-23,27.540001,28.08,27.389999,27.85,22.656481,48600
2015-10-26,27.709999,28.16,27.65,28.030001,22.802914,24100
2015-10-27,27.950001,28.059999,27.120001,27.4,22.290396,47000
2015-10-28,27.34,28.68,27.34,28.68,23.331705,49100
2015-10-29,28.76,28.85,28.370001,28.629999,23.291031,34300
2015-10-30,28.52,28.549999,27.469999,27.5,22.371748,23500
2015-11-02,27.6,28.17,27.41,28.030001,22.802914,32000
2015-11-03,28.059999,28.34,27.940001,27.950001,22.737835,38800
2015-11-04,27.93,28.219999,27.799999,28.129999,22.884262,27800
2015-11-05,28.129999,28.75,28.129999,28.58,23.250351,27900
2015-11-06,28.4,29.280001,28.4,29.26,24.005125,27400
2015-11-09,29.26,29.379999,28.620001,28.82,23.644146,25200
2015-11-10,29.110001,29.33,28.940001,29.040001,23.824635,46400
2015-11-11,28.99,29.120001,28.6,28.790001,23.619534,13600
2015-11-12,28.73,28.83,27.969999,27.99,22.963207,34200
2015-11-13,27.809999,27.84,27.389999,27.42,22.495571,114400
2015-11-16,27.34,27.940001,27.08,27.719999,22.741699,72400
2015-11-17,27.719999,28.4,27.57,27.809999,22.815535,66700
2015-11-18,28.059999,28.639999,27.530001,28.389999,23.291368,54800
2015-11-19,28.49,28.870001,28.07,28.379999,23.283165,22500
2015-11-20,28.57,29.26,28.51,28.790001,23.619534,43900
2015-11-23,28.690001,29.24,28.610001,28.92,23.726191,48200
2015-11-24,28.469999,29.139999,28.4,28.91,23.717983,36200
2015-11-25,28.870001,29.190001,28.809999,29.040001,23.824635,28000
2015-11-27,28.99,29.26,28.809999,29.07,23.849249,17100
2015-11-30,29.18,29.799999,29.0,29.379999,24.103573,183800
2015-12-01,29.76,30.0,29.34,29.43,24.144594,66200
2015-12-02,29.41,29.709999,28.77,29.0,23.791817,96400
2015-12-03,29.01,29.280001,28.450001,28.51,23.389822,84400
2015-12-04,28.5,28.74,28.200001,28.450001,23.34059,142200
2015-12-07,28.459999,28.629999,27.700001,27.84,22.840143,90300
2015-12-08,27.57,27.77,27.209999,27.290001,22.388927,47200
2015-12-09,27.120001,27.41,26.6,26.82,22.00333,71900
2015-12-10,26.76,27.549999,26.58,27.120001,22.249454,193900
2015-12-11,26.559999,27.040001,26.33,26.51,21.749008,73900
2015-12-14,26.469999,26.860001,26.08,26.299999,21.576717,118500
2015-12-15,26.309999,27.190001,26.309999,26.92,22.085367,64600
2015-12-16,27.01,27.48,26.629999,27.290001,22.388927,71100
2015-12-17,27.440001,27.540001,26.809999,26.940001,22.10178,44200
2015-12-18,26.77,27.01,26.27,26.450001,21.699778,183700
2015-12-21,26.76,27.0,26.34,26.700001,21.904881,39900
2015-12-22,26.57,26.799999,26.33,26.790001,21.978722,77000
2015-12-23,26.9,26.92,26.66,26.889999,22.060759,79500
2015-12-24,26.93,27.290001,26.92,27.18,22.298681,14000
2015-12-28,27.139999,27.209999,26.74,27.110001,22.241247,16900
2015-12-29,27.23,27.68,27.1,27.43,22.503777,39000
2015-12-30,27.469999,27.469999,27.08,27.27,22.372513,22500
2015-12-31,27.219999,27.219999,26.74,26.959999,22.118185,85700
2016-01-04,26.4,26.57,25.799999,26.18,21.47827,84800
2016-01-05,26.280001,26.92,25.940001,26.629999,21.847452,80700
2016-01-06,26.299999,27.049999,26.299999,26.9,22.068962,76500
2016-01-07,26.469999,26.860001,26.43,26.49,21.732595,84300
2016-01-08,26.59,26.74,25.940001,26.02,21.347004,74100
2016-01-11,26.120001,26.950001,25.98,26.879999,22.052555,71600
2016-01-12,27.190001,27.190001,26.190001,26.67,21.88027,78900
2016-01-13,26.780001,26.780001,25.74,25.92,21.264961,71400
2016-01-14,26.17,26.389999,25.82,25.879999,21.232151,122000
2016-01-15,25.23,25.83,25.01,25.540001,20.953207,66400
2016-01-19,25.75,25.9,25.08,25.280001,20.739904,55000
2016-01-20,24.889999,25.57,24.440001,25.389999,20.830149,134500
2016-01-21,26.389999,27.030001,25.780001,25.98,21.314188,155900
2016-01-22,26.309999,26.33,25.77,26.290001,21.568516,113500
2016-01-25,26.209999,26.27,25.290001,25.35,20.797333,55400
2016-01-26,25.559999,25.98,25.540001,25.98,21.314188,98100
2016-01-27,25.93,25.99,25.26,25.48,20.903982,116900
2016-01-28,25.75,25.950001,25.620001,25.83,21.191126,85600
2016-01-29,25.870001,26.6,25.85,26.6,21.822844,114200
2016-02-01,26.360001,26.790001,26.190001,26.530001,21.765413,96400
2016-02-02,26.110001,26.26,25.790001,26.02,21.347004,89300
2016-02-03,26.18,26.290001,25.58,25.98,21.314188,112800
2016-02-04,25.879999,26.58,25.65,26.02,21.347004,49900
2016-02-05,26.0,26.24,25.549999,25.549999,20.961414,94100
2016-02-08,25.08,25.68,24.75,25.530001,21.143612,73600
2016-02-09,25.549999,25.799999,25.280001,25.57,21.176741,60900
2016-02-10,25.85,25.940001,25.23,25.26,20.920004,62900
2016-02-11,24.799999,25.41,24.57,24.98,20.688108,76100
2016-02-12,25.23,25.75,25.040001,25.4,21.035952,108700
2016-02-16,25.700001,25.91,25.27,25.68,21.267843,173700
2016-02-17,26.0,26.379999,25.610001,25.66,21.25128,99600
2016-02-18,25.879999,26.02,25.48,25.559999,21.168463,84900
2016-02-19,25.48,25.969999,25.32,25.469999,21.093918,70400
2016-02-22,25.780001,25.84,25.469999,25.52,21.135332,106000
2016-02-23,25.440001,25.530001,25.1,25.139999,20.820616,85300
2016-02-24,24.93,25.49,24.17,25.450001,21.077358,115100
2016-02-25,25.450001,25.92,25.450001,25.82,21.383783,35800
2016-02-26,25.940001,26.299999,25.84,26.08,21.599115,31800
2016-02-29,26.02,26.15,25.790001,25.98,21.516294,82500
2016-03-01,26.1,26.870001,26.0,26.77,22.170565,52800
2016-03-02,26.709999,26.940001,26.52,26.9,22.278227,80100
2016-03-03,26.83,27.32,26.83,27.18,22.510124,66900
2016-03-04,27.030001,27.32,26.74,27.17,22.501841,58300
2016-03-07,27.07,27.41,27.07,27.4,22.69232,32300
2016-03-08,27.15,27.530001,26.469999,27.18,22.510124,94800
2016-03-09,27.27,27.459999,26.969999,27.09,22.435587,106700
2016-03-10,27.219999,27.5,26.870001,27.15,22.485279,35300
2016-03-11,27.34,27.75,27.309999,27.719999,22.957344,34700
2016-03-14,27.690001,27.73,27.530001,27.6,22.85796,42400
2016-03-15,27.5,27.68,27.290001,27.459999,22.742012,44300
2016-03-16,27.09,27.780001,27.09,27.200001,22.52669,61600
2016-03-17,27.129999,27.99,27.040001,27.84,23.056725,49800
2016-03-18,28.0,28.290001,27.75,28.049999,23.230642,82800
2016-03-21,28.059999,28.25,27.85,28.120001,23.288618,45300
2016-03-22,28.200001,28.200001,27.59,28.059999,23.238928,33200
2016-03-23,27.940001,28.049999,27.57,27.59,22.84968,43800
2016-03-24,27.389999,27.639999,27.25,27.540001,22.808275,31500
2016-03-28,27.68,27.83,27.299999,27.52,22.791708,35900
2016-03-29,27.530001,27.959999,27.290001,27.959999,23.156109,74900
2016-03-30,27.940001,28.280001,27.940001,28.09,23.263769,47500
2016-03-31,28.139999,28.280001,27.799999,27.83,23.048447,54400
2016-04-01,27.709999,27.950001,27.469999,27.879999,23.089851,29100
2016-04-04,27.809999,28.08,27.59,27.67,22.915939,39500
2016-04-05,27.58,27.799999,27.190001,27.219999,22.543251,56600
2016-04-06,27.559999,27.559999,27.1,27.360001,22.659199,61200
2016-04-07,27.129999,27.129999,26.379999,26.690001,22.104311,48400
2016-04-08,26.83,27.129999,26.610001,26.77,22.170565,31600
2016-04-11,26.91,27.209999,26.549999,26.85,22.23682,52800
2016-04-12,26.93,27.48,26.809999,27.299999,22.609507,33500
2016-04-13,27.42,28.120001,26.93,28.08,23.255493,176200
2016-04-14,28.110001,28.559999,27.82,28.219999,23.371439,56800
2016-04-15,28.08,28.309999,27.940001,28.08,23.255493,27900
2016-04-18,28.0,28.049999,27.860001,27.969999,23.164391,51600
2016-04-19,27.57,28.24,27.559999,28.209999,23.363153,37200
2016-04-20,28.15,28.540001,27.99,28.450001,23.561918,28800
2016-04-21,27.469999,28.6,27.469999,27.940001,23.139544,56000
2016-04-22,28.059999,28.620001,27.450001,28.33,23.46254,43400
2016-04-25,28.370001,28.469999,27.98,28.440001,23.553635,34700
2016-04-26,28.389999,29.15,28.389999,28.99,24.009138,52100
2016-04-27,29.030001,29.120001,28.610001,29.01,24.025705,38400
2016-04-28,28.73,28.92,28.440001,28.5,23.603327,36600
2016-04-29,28.110001,28.709999,28.110001,28.59,23.677868,30100
2016-05-02,28.73,28.92,28.559999,28.74,23.802092,26400
2016-05-03,28.540001,28.75,27.9,27.91,23.1147,51600
2016-05-04,27.9,28.09,27.52,27.83,23.048447,27600
2016-05-05,27.690001,28.030001,27.51,27.52,22.791708,31100
2016-05-06,27.450001,27.68,27.17,27.66,22.907652,32400
2016-05-09,27.389999,27.620001,27.219999,27.370001,22.865879,33600
2016-05-10,27.540001,27.959999,27.469999,27.91,23.317017,41500
2016-05-11,27.83,28.0,27.540001,27.57,23.032969,34500
2016-05-12,27.73,27.93,27.549999,27.76,23.191698,61400
2016-05-13,27.68,27.92,27.299999,27.58,23.041319,61600
2016-05-16,27.67,28.129999,27.67,27.879999,23.291948,29700
2016-05-17,27.700001,28.01,27.16,27.309999,22.815756,93700
2016-05-18,27.41,28.32,27.02,28.200001,23.559292,90000
2016-05-19,28.15,28.24,27.43,27.790001,23.216761,35400
2016-05-20,27.870001,28.190001,27.83,28.08,23.459038,50000
2016-05-23,28.02,28.24,27.709999,28.15,23.517523,41500
2016-05-24,28.16,28.889999,28.16,28.76,24.02714,35500
2016-05-25,28.950001,29.290001,28.950001,29.040001,24.261059,27500
2016-05-26,28.99,29.129999,28.74,28.780001,24.043846,23900
2016-05-27,28.75,29.27,28.75,29.24,24.428143,27500
2016-05-31,29.290001,29.469999,29.24,29.389999,24.553455,65500
2016-06-01,29.07,29.52,28.959999,29.459999,24.611944,33100
2016-06-02,29.32,29.49,29.190001,29.469999,24.620295,21300
2016-06-03,29.290001,29.290001,28.57,29.16,24.361309,29500
2016-06-06,29.129999,29.860001,29.129999,29.83,24.921051,90100
2016-06-07,29.780001,29.780001,29.42,29.440001,24.595232,23000
2016-06-08,29.58,29.870001,29.51,29.790001,24.887632,26300
2016-06-09,29.77,29.77,28.99,29.389999,24.553455,37400
2016-06-10,29.290001,29.32,28.700001,29.08,24.294476,34500
2016-06-13,28.92,29.209999,28.52,28.74,24.010426,52600
2016-06-14,28.610001,28.84,28.389999,28.629999,23.91853,27800
2016-06-15,28.709999,29.09,28.51,28.629999,23.91853,32000
2016-06-16,28.389999,28.620001,28.1,28.559999,23.860048,52700
2016-06-17,28.629999,28.860001,28.200001,28.700001,23.977009,175300
2016-06-20,28.860001,29.48,28.860001,28.99,24.219286,36000
2016-06-21,28.889999,29.17,28.790001,29.110001,24.319538,23500
2016-06-22,29.110001,29.360001,29.01,29.02,24.244349,22800
2016-06-23,29.4,29.969999,29.4,29.950001,25.021305,40500
2016-06-24,28.48,29.17,28.049999,28.52,23.826633,136000
2016-06-27,27.950001,28.0,27.059999,27.34,22.840815,59200
2016-06-28,27.77,28.030001,27.299999,27.98,23.3755,78800
2016-06-29,28.309999,28.639999,28.02,28.41,23.734728,73300
2016-06-30,28.58,29.059999,28.4,29.059999,24.277763,38700
2016-07-01,28.93,29.040001,28.440001,28.68,23.960304,23000
2016-07-05,28.59,28.83,28.049999,28.200001,23.559292,35600
2016-07-06,28.030001,28.58,28.030001,28.35,23.684608,29800
2016-07-07,28.35,28.82,28.309999,28.549999,23.851692,37900
2016-07-08,28.93,29.43,28.92,29.190001,24.386377,38100
2016-07-11,29.219999,29.73,29.219999,29.620001,24.745611,44800
2016-07-12,29.809999,30.370001,29.809999,30.139999,25.180038,44000
2016-07-13,30.26,30.299999,29.85,30.15,25.188391,28100
2016-07-14,30.5,31.139999,30.48,30.52,25.497501,36400
2016-07-15,30.709999,31.02,30.1,30.67,25.622818,24200
2016-07-18,30.540001,30.76,30.219999,30.26,25.280293,61300
2016-07-19,30.24,30.879999,30.110001,30.299999,25.313705,50400
2016-07-20,30.440001,30.440001,30.09,30.24,25.263578,39100
2016-07-21,29.700001,29.77,29.290001,29.440001,24.595232,44800
2016-07-22,29.540001,30.33,29.379999,30.07,25.121555,38800
2016-07-25,30.07,30.08,29.75,29.77,24.870928,19600
2016-07-26,29.799999,30.08,29.75,30.07,25.121555,30300
2016-07-27,30.32,30.42,30.040001,30.25,25.271935,24700
2016-07-28,30.15,30.23,30.030001,30.08,25.129913,23000
2016-07-29,30.049999,30.18,29.790001,29.84,24.929409,31500
2016-08-01,29.799999,30.15,29.59,29.709999,24.820799,31600
2016-08-02,29.74,30.1,29.49,29.49,24.637005,38600
2016-08-03,29.41,29.780001,29.41,29.77,24.870928,25300
2016-08-04,29.790001,29.98,29.629999,29.9,24.979538,22700
2016-08-05,30.120001,30.709999,29.92,30.59,25.555986,48100
2016-08-08,30.360001,31.25,29.9,30.07,25.320211,16000
2016-08-09,29.879999,30.32,29.629999,30.209999,25.438099,22800
2016-08-10,30.07,30.299999,29.780001,30.07,25.320211,52900
2016-08-11,30.08,30.370001,29.93,30.049999,25.303371,28000
2016-08-12,29.889999,29.99,29.43,29.99,25.252848,42400
2016-08-15,30.09,30.27,29.780001,30.23,25.454937,23300
2016-08-16,30.18,30.450001,30.01,30.32,25.530725,43300
2016-08-17,30.41,30.690001,30.299999,30.620001,25.783333,34300
2016-08-18,30.700001,30.700001,30.4,30.690001,25.842274,16000
2016-08-19,30.559999,30.790001,30.49,30.68,25.833857,32000
2016-08-22,30.42,30.67,30.42,30.639999,25.800175,18500
2016-08-23,30.68,30.99,30.68,30.879999,26.002268,21800
2016-08-24,30.92,31.07,30.76,31.049999,26.145416,22600
2016-08-25,30.92,31.219999,30.92,31.219999,26.288559,59400
2016-08-26,31.190001,31.41,30.940001,31.15,26.229614,41300
2016-08-29,31.15,31.530001,31.120001,31.23,26.296978,31900
2016-08-30,30.950001,31.49,30.93,31.42,26.456966,43300
2016-08-31,31.549999,31.65,30.790001,31.530001,26.549597,61100
2016-09-01,31.690001,31.700001,31.1,31.440001,26.473812,24000
2016-09-02,31.469999,31.59,31.209999,31.540001,26.558014,39800
2016-09-06,31.379999,31.379999,31.01,31.120001,26.204357,34000
2016-09-07,31.370001,31.58,31.15,31.540001,26.558014,43100
2016-09-08,31.5,31.610001,31.389999,31.440001,26.473812,22500
2016-09-09,31.41,31.530001,30.889999,30.93,26.044373,38500
2016-09-12,30.93,31.219999,30.469999,31.07,26.162256,58600
2016-09-13,30.85,30.85,30.35,30.5,25.682289,47300
2016-09-14,30.440001,30.74,30.290001,30.290001,25.505461,24500
2016-09-15,30.26,30.67,30.23,30.52,25.699127,29100
2016-09-16,30.67,30.67,30.1,30.33,25.539141,97700
2016-09-19,30.43,30.719999,30.139999,30.48,25.665445,23900
2016-09-20,30.4,30.76,30.290001,30.32,25.530725,22500
2016-09-21,30.440001,30.65,30.32,30.43,25.623348,31700
2016-09-22,30.540001,30.98,30.530001,30.92,26.03595,83200
2016-09-23,30.74,30.969999,30.67,30.709999,25.859121,27000
2016-09-26,30.43,30.450001,29.959999,30.01,25.269686,35200
2016-09-27,29.950001,30.370001,29.9,30.34,25.54756,40000
2016-09-28,30.700001,30.73,30.299999,30.65,25.808594,40100
2016-09-29,30.469999,30.700001,30.02,30.02,25.278109,53500
2016-09-30,30.02,30.74,30.02,30.58,25.749651,48700
2016-10-03,30.33,30.530001,30.120001,30.200001,25.429676,27800
2016-10-04,30.200001,30.67,30.17,30.290001,25.505461,54300
2016-10-05,30.43,30.959999,30.43,30.690001,25.842274,26200
2016-10-06,30.26,30.75,30.059999,30.629999,25.791754,27200
2016-10-07,30.67,30.68,30.26,30.530001,25.707548,24000
2016-10-10,30.790001,31.129999,30.75,30.93,26.044373,30400
2016-10-11,31.030001,31.09,30.379999,30.530001,25.707548,35600
2016-10-12,30.57,30.68,30.469999,30.51,25.69071,26200
2016-10-13,30.299999,30.299999,29.610001,29.73,25.033918,47400
2016-10-14,29.98,30.120001,27.860001,29.940001,25.210747,28800
2016-10-17,30.0,30.09,29.559999,29.74,25.042341,31500
2016-10-18,30.120001,30.120001,29.48,29.51,24.848671,29800
2016-10-19,29.639999,29.879999,29.610001,29.73,25.033918,19500
2016-10-20,31.719999,31.719999,30.370001,30.9,26.01911,66000
2016-10-21,30.540001,31.299999,30.379999,31.16,26.238037,75000
2016-10-24,31.459999,31.709999,31.200001,31.360001,26.406446,70400
2016-10-25,31.309999,31.549999,31.27,31.35,26.398029,54700
2016-10-26,31.379999,31.6,31.200001,31.32,26.372765,83200
2016-10-27,31.780001,31.780001,31.360001,31.389999,26.431713,78600
2016-10-28,31.23,31.540001,31.209999,31.35,26.398029,38700
2016-10-31,31.559999,32.369999,31.18,31.700001,26.692743,183800
2016-11-01,31.66,32.279999,31.4,31.549999,26.566435,56100
2016-11-02,31.49,32.0,31.23,31.389999,26.431713,48700
2016-11-03,31.6,31.6,30.91,31.18,26.254875,40400
2016-11-04,31.26,31.469999,31.01,31.1,26.187515,85800
2016-11-07,31.43,31.92,31.33,31.700001,26.917778,84200
2016-11-08,31.690001,31.809999,31.440001,31.530001,26.773424,77500
2016-11-09,31.610001,31.83,31.08,31.65,26.87532,348400
2016-11-10,32.240002,33.0,31.299999,32.619999,27.698988,287400
2016-11-11,32.610001,33.619999,32.279999,33.610001,28.539637,491200
2016-11-14,34.0,34.630001,33.740002,34.200001,29.040627,450600
2016-11-15,33.869999,34.5,33.740002,34.389999,29.201971,169000
2016-11-16,34.290001,34.599998,33.970001,34.18,29.023651,210700
2016-11-17,34.34,35.139999,32.200001,35.009998,29.728437,113700
2016-11-18,34.959999,35.130001,34.48,35.09,29.79636,79900
2016-11-21,35.099998,35.509998,34.919998,35.48,30.127533,86900
2016-11-22,35.73,36.57,35.34,36.549999,31.036114,101100
2016-11-23,36.68,36.919998,36.139999,36.59,31.07008,50200
2016-11-25,36.59,36.75,36.540001,36.700001,31.163488,18600
2016-11-28,36.349998,36.689999,36.189999,36.23,30.764381,48500
2016-11-29,36.41,36.950001,36.18,36.669998,31.138004,79200
2016-11-30,37.0,37.279999,36.360001,36.400002,30.908739,61800
2016-12-01,36.48,37.610001,36.48,37.540001,31.876764,85700
2016-12-02,37.25,37.560001,36.799999,36.849998,31.290855,106900
2016-12-05,37.220001,37.810001,36.900002,37.509998,31.851278,83400
2016-12-06,37.709999,37.810001,37.369999,37.720001,32.029606,94700
2016-12-07,37.75,38.439999,37.599998,38.040001,32.301338,63500
2016-12-08,38.259998,39.0,37.91,38.93,33.057068,108000
2016-12-09,38.939999,39.52,38.880001,39.330002,33.396729,61600
2016-12-12,39.25,39.299999,38.419998,38.66,32.827793,77500
2016-12-13,38.950001,39.330002,38.580002,39.189999,33.277836,66400
2016-12-14,38.970001,39.32,38.740002,38.900002,33.031597,69900
2016-12-15,39.130001,39.779999,38.619999,39.32,33.388233,75300
2016-12-16,39.419998,39.669998,38.849998,39.060001,33.167458,141300
2016-12-19,39.080002,39.73,37.52,39.650002,33.668453,87100
2016-12-20,39.900002,40.389999,39.849998,40.110001,34.059052,79900
2016-12-21,40.16,40.5,39.970001,40.290001,34.211906,70200
2016-12-22,40.02,40.75,40.02,40.529999,34.415695,50500
2016-12-23,40.68,40.740002,40.41,40.5,34.390221,25700
2016-12-27,40.400002,40.860001,40.400002,40.639999,34.509098,40300
2016-12-28,40.75,40.75,40.23,40.360001,34.271336,30500
2016-12-29,40.43,40.66,39.41,39.759998,33.761852,102700
2016-12-30,39.98,40.400002,39.43,39.990002,33.957161,78600
2017-01-03,40.220001,40.610001,39.490002,39.900002,33.880733,81500
2017-01-04,39.91,40.48,39.810001,40.25,34.17794,77700
2017-01-05,40.009998,40.240002,39.16,39.380001,33.439175,46300
2017-01-06,39.630001,39.849998,39.119999,39.43,33.48164,36300
2017-01-09,39.169998,39.18,38.549999,38.82,32.963661,83300
2017-01-10,38.889999,39.57,38.610001,39.52,33.55806,111400
2017-01-11,39.41,39.939999,39.41,39.900002,33.880733,56700
2017-01-12,39.75,39.75,38.959999,39.32,33.388233,74300
2017-01-13,39.529999,40.450001,39.529999,39.630001,33.651463,85000
2017-01-17,39.209999,39.209999,38.200001,38.25,32.479652,58100
2017-01-18,38.560001,38.57,37.709999,38.450001,32.649475,61900
2017-01-19,38.98,38.98,37.07,38.450001,32.649475,125000
2017-01-20,38.599998,39.860001,38.599998,39.330002,33.396729,130100
2017-01-23,39.23,39.75,39.060001,39.419998,33.473156,131700
2017-01-24,39.470001,40.84,39.169998,40.66,34.526085,140700
2017-01-25,40.669998,41.490002,40.669998,41.169998,34.959152,72300
2017-01-26,40.959999,41.529999,40.959999,41.290001,35.061043,53300
2017-01-27,41.18,41.27,40.98,41.169998,34.959152,146900
2017-01-30,40.900002,41.0,40.040001,40.48,34.37323,184200
2017-01-31,40.279999,41.049999,40.240002,40.970001,34.789314,153000
2017-02-01,41.360001,41.66,41.110001,41.25,35.027084,150200
2017-02-02,41.049999,41.209999,40.650002,41.169998,34.959152,109000
2017-02-03,41.619999,41.959999,41.369999,41.880001,35.562042,74200
2017-02-06,41.900002,41.959999,41.41,41.93,35.604488,114300
2017-02-07,41.84,41.98,41.299999,41.330002,35.313976,80100
2017-02-08,41.130001,41.130001,40.299999,40.700001,34.775681,50600
2017-02-09,40.77,41.41,40.5,41.209999,35.211449,44700
2017-02-10,41.549999,41.759998,41.27,41.59,35.53614,40600
2017-02-13,41.990002,42.32,41.900002,42.09,35.963352,57900
2017-02-14,42.099998,42.650002,41.75,42.619999,36.41621,77000
2017-02-15,42.849998,42.959999,42.330002,42.91,36.66399,60500
2017-02-16,42.91,43.189999,42.529999,43.16,36.877602,81400
2017-02-17,43.110001,43.330002,42.759998,43.259998,36.963047,85600
2017-02-21,43.139999,43.700001,43.029999,43.669998,37.313362,63700
2017-02-22,43.450001,43.759998,43.099998,43.610001,37.262104,53900
2017-02-23,43.52,43.700001,43.16,43.619999,37.270653,52400
2017-02-24,43.220001,43.639999,42.509998,43.470001,37.142483,73000
2017-02-27,43.52,43.93,43.41,43.599998,37.253559,52800
2017-02-28,43.5,43.830002,42.830002,43.060001,36.792168,125400
2017-03-01,43.709999,44.560001,43.360001,44.369999,37.911476,77700
2017-03-02,44.57,44.57,43.23,43.349998,37.03994,63000
2017-03-03,43.540001,43.75,43.360001,43.66,37.304829,74300
2017-03-06,43.32,43.740002,41.59,43.610001,37.262104,59800
2017-03-07,43.52,43.73,43.189999,43.310001,37.005768,38900
2017-03-08,43.549999,43.869999,42.790001,42.82,36.58709,62100
2017-03-09,42.939999,43.349998,42.57,42.610001,36.407669,46800
2017-03-10,43.029999,43.029999,42.25,42.490002,36.305138,70700
2017-03-13,42.57,42.77,42.240002,42.389999,36.219685,58500
2017-03-14,42.060001,42.639999,41.860001,42.48,36.296585,68500
2017-03-15,42.73,42.970001,42.310001,42.490002,36.305138,51500
2017-03-16,42.740002,42.849998,42.32,42.669998,36.458927,62800
2017-03-17,42.48,43.119999,42.299999,43.060001,36.792168,106500
2017-03-20,43.169998,43.169998,42.23,42.290001,36.134243,39400
2017-03-21,42.57,42.57,40.139999,40.200001,34.348465,66100
2017-03-22,39.959999,40.279999,37.740002,39.66,33.887077,93600
2017-03-23,39.57,40.439999,39.310001,39.91,34.100685,99900
2017-03-24,39.959999,40.259998,39.619999,39.849998,34.049412,40700
2017-03-27,39.080002,39.849998,38.919998,39.740002,33.955425,38800
2017-03-28,39.5,40.41,39.349998,40.259998,34.399723,67600
2017-03-29,40.290001,40.330002,39.959999,40.169998,34.322826,27200
2017-03-30,40.150002,41.490002,40.150002,41.299999,35.288349,51300
2017-03-31,41.259998,41.549999,40.91,40.990002,35.023476,75300
2017-04-03,41.009998,41.700001,40.23,40.860001,34.912392,57500
2017-04-04,40.77,41.0,40.639999,40.93,34.972202,68900
2017-04-05,41.259998,41.5,40.299999,40.360001,34.485172,105500
2017-04-06,40.009998,40.73,39.939999,40.400002,34.519356,295800
2017-04-07,40.240002,40.779999,39.900002,40.419998,34.536438,182200
2017-04-10,40.709999,40.830002,39.860001,40.209999,34.357006,28900
2017-04-11,40.049999,40.720001,39.959999,40.619999,34.707329,40400
2017-04-12,40.439999,40.529999,39.810001,40.110001,34.271564,43800
2017-04-13,39.98,39.98,39.169998,39.200001,33.494026,37100
2017-04-17,39.27,40.099998,39.139999,40.049999,34.220295,27600
2017-04-18,39.810001,40.18,39.360001,40.029999,34.203209,53600
2017-04-19,40.029999,40.650002,39.91,40.200001,34.348465,56400
2017-04-20,39.880001,42.220001,39.669998,41.959999,35.852276,199400
2017-04-21,41.860001,43.200001,41.099998,42.529999,36.339314,134400
2017-04-24,43.560001,44.459999,43.16,43.970001,37.569702,72300
2017-04-25,44.419998,45.169998,44.169998,44.610001,38.116543,108200
2017-04-26,44.580002,45.599998,44.580002,45.169998,38.595032,70900
2017-04-27,45.240002,45.639999,43.98,44.130001,37.706413,62600
2017-04-28,44.049999,44.43,43.220001,43.25,36.95451,67600
2017-05-01,43.630001,44.349998,43.169998,43.880001,37.492813,86700
2017-05-02,43.880001,44.419998,43.200001,43.5,37.16811,41700
2017-05-03,43.299999,43.779999,43.200001,43.580002,37.236465,51600
2017-05-04,43.91,44.299999,43.459999,43.580002,37.236465,56500
2017-05-05,43.73,43.73,42.740002,43.380001,37.065582,53900
2017-05-08,43.099998,43.799999,42.650002,43.290001,37.211723,38200
2017-05-09,43.360001,43.860001,42.849998,43.139999,37.082775,67600
2017-05-10,43.060001,43.119999,42.400002,42.860001,36.842098,41600
2017-05-11,42.68,42.939999,41.970001,42.380001,36.429489,59000
2017-05-12,42.150002,42.32,41.619999,41.889999,36.008286,69500
2017-05-15,42.09,42.779999,42.080002,42.720001,36.721737,52600
2017-05-16,41.98,41.98,39.360001,39.470001,33.928074,481600
2017-05-17,39.02,39.580002,38.59,39.009998,33.532665,229400
2017-05-18,38.889999,39.970001,38.869999,39.549999,33.996838,137600
2017-05-19,39.639999,39.959999,39.34,39.549999,33.996838,129800
2017-05-22,39.77,39.82,39.32,39.779999,34.194542,169800
2017-05-23,39.84,40.27,39.529999,40.02,34.400856,154000
2017-05-24,40.119999,40.220001,39.400002,39.650002,34.082806,83400
2017-05-25,39.740002,39.830002,39.23,39.34,33.81633,70400
2017-05-26,39.32,39.349998,38.720001,39.07,33.584236,61700
2017-05-30,38.799999,38.82,37.799999,38.369999,32.982525,99600
2017-05-31,38.43,38.580002,37.68,38.369999,32.982525,124100
2017-06-01,38.580002,39.119999,37.939999,39.080002,33.592827,105700
2017-06-02,38.799999,39.48,38.57,38.669998,33.240406,145500
2017-06-05,38.669998,38.869999,38.360001,38.48,33.07708,119600
2017-06-06,38.200001,38.299999,37.869999,38.150002,32.793415,149400
2017-06-07,38.23,38.68,38.23,38.380001,32.991119,122300
2017-06-08,38.299999,39.5,38.099998,39.060001,33.575649,185000
2017-06-09,39.34,40.419998,39.040001,39.860001,34.263313,218800
2017-06-12,39.849998,40.360001,39.220001,39.740002,34.160164,167900
2017-06-13,39.970001,40.389999,39.77,40.220001,34.572769,150000
2017-06-14,40.02,40.790001,39.759998,40.759998,35.036945,180600
2017-06-15,40.400002,41.0,40.400002,40.830002,35.097118,124100
2017-06-16,40.380001,40.759998,40.060001,40.169998,34.529778,175300
2017-06-19,40.310001,40.790001,39.759998,39.799999,34.211739,90300
2017-06-20,39.759998,39.759998,39.119999,39.369999,33.842117,66000
2017-06-21,39.549999,39.549999,39.110001,39.23,33.721779,150300
2017-06-22,39.119999,39.43,38.68,39.360001,33.833523,107400
2017-06-23,39.389999,39.790001,39.200001,39.259998,33.747562,239700
2017-06-26,39.32,39.84,39.119999,39.619999,34.057014,100100
2017-06-27,39.689999,40.16,39.59,39.740002,34.160164,90900
2017-06-28,39.880001,40.66,39.880001,40.43,34.753281,80100
2017-06-29,40.68,41.110001,40.290001,40.91,35.16589,59700
2017-06-30,41.150002,41.150002,40.509998,40.66,34.950996,106700
2017-07-03,40.66,41.43,40.290001,41.310001,35.509727,48800
2017-07-05,41.310001,41.32,40.290001,40.849998,35.114304,89700
2017-07-06,40.84,40.970001,40.200001,40.369999,34.701698,63800
2017-07-07,40.619999,40.75,40.139999,40.689999,34.976772,102100
2017-07-10,40.669998,40.82,40.18,40.34,34.675922,66100
2017-07-11,40.330002,40.400002,39.799999,40.169998,34.529778,101000
2017-07-12,40.169998,40.720001,38.860001,40.220001,34.572769,99900
2017-07-13,40.080002,40.23,39.900002,40.130001,34.495403,47000
2017-07-14,39.759998,40.099998,39.41,39.77,34.185947,62100
2017-07-17,39.720001,40.18,39.450001,39.869999,34.271908,65700
2017-07-18,39.610001,39.959999,39.299999,39.639999,34.074196,52200
2017-07-19,39.669998,39.91,39.299999,39.619999,34.057014,57600
2017-07-20,40.400002,40.400002,39.32,40.009998,34.392254,84800
2017-07-21,40.400002,40.400002,39.130001,39.790001,34.20314,116500
2017-07-24,39.799999,40.060001,39.5,39.950001,34.340675,71300
2017-07-25,40.169998,40.709999,40.009998,40.580002,34.882221,106800
2017-07-26,40.630001,40.689999,39.759998,39.869999,34.271908,74300
2017-07-27,40.0,40.599998,39.82,39.939999,34.332077,55800
2017-07-28,39.93,40.209999,39.57,39.75,34.168758,50400
2017-07-31,40.049999,40.369999,39.610001,40.040001,34.41803,64000
2017-08-01,40.23,40.32,39.860001,40.240002,34.589966,79700
2017-08-02,40.25,40.25,39.650002,39.669998,34.099991,53700
2017-08-03,39.650002,40.060001,39.400002,39.490002,33.945267,113700
2017-08-04,39.810001,40.07,39.619999,39.830002,34.237526,78500
2017-08-07,39.740002,39.790001,39.240002,39.470001,34.151009,60800
2017-08-08,39.349998,40.259998,39.240002,39.639999,34.2981,80400
2017-08-09,39.380001,39.459999,38.75,38.919998,33.675121,81200
2017-08-10,38.709999,39.080002,38.080002,38.119999,32.982922,87000
2017-08-11,38.389999,38.720001,37.540001,37.810001,32.714703,73400
2017-08-14,38.049999,38.860001,38.049999,38.84,33.6059,46500
2017-08-15,39.0,39.07,38.459999,38.490002,33.30307,52800
2017-08-16,38.790001,39.099998,38.490002,38.639999,33.432858,74800
2017-08-17,38.57,38.779999,37.700001,37.869999,32.766617,66000
2017-08-18,37.580002,38.23,37.580002,37.849998,32.749313,68800
2017-08-21,37.84,38.130001,37.549999,38.099998,32.965618,49200
2017-08-22,38.18,38.52,38.040001,38.43,33.251156,43700
2017-08-23,38.130001,38.849998,38.130001,38.380001,33.207886,56500
2017-08-24,38.560001,38.630001,38.189999,38.549999,33.354984,29100
2017-08-25,38.41,38.830002,38.41,38.669998,33.458805,21500
2017-08-28,38.669998,38.939999,38.360001,38.580002,33.380936,33700
2017-08-29,38.200001,38.580002,38.18,38.41,33.233849,38800
2017-08-30,38.400002,38.860001,38.220001,38.490002,33.30307,31600
2017-08-31,38.619999,38.84,38.23,38.57,33.372288,45600
2017-09-01,38.77,39.02,38.650002,38.82,33.588593,35800
2017-09-05,38.66,38.66,37.639999,37.790001,32.697388,64300
2017-09-06,37.919998,38.279999,37.599998,37.73,32.645481,49000
2017-09-07,37.689999,37.689999,36.5,36.880001,31.910036,64400
2017-09-08,36.779999,37.610001,36.779999,37.23,32.212868,66000
2017-09-11,37.349998,38.040001,37.349998,37.720001,32.636833,105600
2017-09-12,37.889999,38.5,37.82,38.459999,33.277111,42600
2017-09-13,38.290001,38.849998,38.220001,38.66,33.450157,44200
2017-09-14,38.529999,38.759998,38.279999,38.439999,33.259808,28400
2017-09-15,38.509998,38.939999,38.310001,38.849998,33.614555,141500
2017-09-18,38.880001,39.41,38.630001,39.279999,33.986607,33800
2017-09-19,39.419998,39.759998,39.349998,39.470001,34.151009,206200
2017-09-20,39.48,39.91,39.23,39.669998,34.324051,75000
2017-09-21,39.349998,39.869999,39.349998,39.77,34.410572,39500
2017-09-22,39.68,40.049999,38.860001,39.900002,34.523064,37000
2017-09-25,39.810001,40.34,39.810001,40.060001,34.66151,30700
2017-09-26,40.240002,40.490002,40.099998,40.189999,34.773975,84900
2017-09-27,40.5,40.959999,40.299999,40.619999,35.14603,204700
2017-09-28,40.73,41.459999,40.59,41.389999,35.81226,116000
2017-09-29,41.34,41.75,41.34,41.439999,35.85553,83100
2017-10-02,41.470001,41.889999,41.099998,41.889999,36.244881,103000
2017-10-03,41.790001,42.009998,41.389999,41.98,36.322754,73400
2017-10-04,42.080002,42.18,41.560001,41.650002,36.03722,49600
2017-10-05,41.830002,42.25,41.830002,42.150002,36.469845,51200
2017-10-06,42.240002,42.509998,42.02,42.380001,36.66885,87300
2017-10-09,42.380001,42.599998,42.25,42.330002,36.625587,75600
2017-10-10,42.130001,42.869999,42.130001,42.700001,36.945728,84100
2017-10-11,42.700001,42.939999,42.52,42.849998,37.075512,87700
2017-10-12,42.849998,43.099998,42.68,42.779999,37.014946,93400
2017-10-13,42.860001,43.009998,42.490002,42.59,36.850544,44400
2017-10-16,42.790001,43.130001,42.52,42.720001,36.963032,53800
2017-10-17,42.799999,43.029999,42.130001,42.290001,36.590981,75300
2017-10-18,42.400002,42.650002,42.110001,42.330002,36.625587,111300
2017-10-19,41.700001,42.389999,41.470001,42.240002,36.547718,65300
2017-10-20,42.830002,42.830002,41.849998,41.990002,36.331406,73300
2017-10-23,41.950001,41.950001,40.98,41.0,35.474819,83000
2017-10-24,41.119999,41.450001,41.02,41.099998,35.56134,101300
2017-10-25,41.09,41.209999,40.310001,40.84,35.336384,74400
2017-10-26,40.919998,41.470001,40.919998,41.119999,35.578648,102700
2017-10-27,41.130001,41.66,40.860001,41.43,35.846867,66500
2017-10-30,41.209999,41.25,39.790001,39.959999,34.57497,73900
2017-10-31,39.950001,40.560001,39.779999,40.41,34.964325,167800
2017-11-01,40.650002,40.869999,39.610001,40.169998,34.756668,86000
2017-11-02,40.16,40.84,39.849998,40.650002,35.171986,53400
2017-11-03,40.650002,40.650002,40.060001,40.310001,34.877811,50300
2017-11-06,40.259998,40.27,40.029999,40.099998,34.696106,31200
2017-11-07,39.93,39.93,38.759998,39.349998,34.269371,137000
2017-11-08,39.23,39.32,38.700001,38.900002,33.877472,73300
2017-11-09,38.59,39.0,38.080002,38.41,33.450737,87200
2017-11-10,38.529999,38.709999,38.220001,38.23,33.293976,60600
2017-11-13,38.049999,38.790001,37.900002,38.52,33.546535,100200
2017-11-14,38.34,38.689999,38.34,38.549999,33.572666,71100
2017-11-15,38.32,39.27,38.240002,38.93,33.903591,80200
2017-11-16,39.049999,39.529999,38.93,39.259998,34.19099,111900
2017-11-17,39.049999,39.439999,38.669998,39.0,33.964561,131800
2017-11-20,39.009998,39.27,38.740002,38.939999,33.912304,90100
2017-11-21,39.040001,39.09,38.700001,38.98,33.947144,126200
2017-11-22,39.02,39.290001,38.799999,38.810001,33.799095,59400
2017-11-24,38.91,38.91,38.470001,38.57,33.590076,27400
2017-11-27,38.580002,38.860001,38.389999,38.41,33.450737,87100
2017-11-28,38.560001,39.18,38.279999,39.139999,34.086483,156700
2017-11-29,39.330002,40.369999,39.330002,39.970001,34.809322,230400
2017-11-30,40.240002,40.32,39.240002,39.389999,34.304207,175200
2017-12-01,39.330002,39.41,38.060001,39.330002,34.251949,127300
2017-12-04,39.889999,40.790001,39.349998,40.240002,35.044456,210100
2017-12-05,40.32,40.32,39.299999,39.360001,34.278084,89100
2017-12-06,39.200001,39.59,38.98,39.009998,33.973267,53000
2017-12-07,38.810001,39.669998,38.43,39.380001,34.295494,173500
2017-12-08,39.68,39.68,38.490002,39.380001,34.295494,106700
2017-12-11,39.360001,39.549999,38.709999,39.450001,34.356457,177400
2017-12-12,39.5,39.75,38.619999,39.52,34.417419,126900
2017-12-13,39.599998,40.200001,38.700001,39.389999,34.304207,147800
2017-12-14,39.470001,39.59,38.400002,38.43,33.468159,142900
2017-12-15,38.419998,39.740002,38.419998,39.580002,34.469677,623800
2017-12-18,39.84,40.279999,38.419998,39.970001,34.809322,184800
2017-12-19,40.060001,40.279999,38.189999,39.529999,34.426125,84800
2017-12-20,39.639999,39.779999,39.290001,39.419998,34.330322,72700
2017-12-21,39.650002,39.889999,39.540001,39.619999,34.504505,73500
2017-12-22,39.709999,39.720001,39.25,39.299999,34.225826,126700
2017-12-26,39.18,39.279999,38.59,38.75,33.746834,55000
2017-12-27,38.709999,38.779999,38.360001,38.459999,33.494282,111700
2017-12-28,38.400002,38.73,38.299999,38.709999,33.711998,112600
2017-12-29,38.880001,39.169998,38.48,39.02,33.981972,480500
2018-01-02,39.349998,40.34,39.200001,40.279999,35.079292,399800
2018-01-03,40.290001,40.470001,39.669998,39.779999,34.643845,372700
2018-01-04,40.080002,40.639999,39.57,39.580002,34.469677,166300
2018-01-05,39.830002,40.130001,39.16,39.48,34.382587,122800
2018-01-08,39.639999,39.639999,39.0,39.02,33.981972,238300
2018-01-09,39.18,39.689999,39.169998,39.52,34.417419,254100
2018-01-10,39.5,40.240002,39.48,39.709999,34.582893,195500
2018-01-11,40.02,40.459999,39.700001,40.25,35.053165,312600
2018-01-12,40.380001,40.5,40.130001,40.5,35.270889,712800
2018-01-16,40.389999,41.59,40.389999,40.860001,35.584415,304700
2018-01-17,41.0,41.0,40.52,40.639999,35.392815,304900
2018-01-18,40.5,41.5,40.330002,40.419998,35.201214,236500
2018-01-19,40.330002,40.610001,40.18,40.25,35.053165,254900
2018-01-22,40.130001,40.130001,39.5,39.57,34.46096,159900
2018-01-23,39.439999,39.77,39.25,39.349998,34.269371,151600
2018-01-24,39.34,39.790001,38.880001,38.950001,33.921013,181800
2018-01-25,39.169998,39.349998,38.48,38.700001,33.703297,173300
2018-01-26,38.889999,38.93,38.200001,38.66,33.668457,260500
2018-01-29,38.529999,38.799999,38.380001,38.380001,33.424603,105200
2018-01-30,38.169998,38.48,37.919998,37.98,33.07626,119500
2018-01-31,38.049999,38.459999,37.709999,37.82,32.936913,124600
2018-02-01,37.619999,38.700001,37.360001,38.68,33.685886,268000
2018-02-02,38.490002,38.900002,38.490002,38.650002,33.659752,183800
2018-02-05,38.18,38.900002,36.950001,37.0,32.222786,215100
2018-02-06,36.5,37.419998,36.41,37.049999,32.266335,303200
2018-02-07,36.869999,37.77,36.869999,37.549999,32.701771,145500
2018-02-08,37.549999,37.689999,36.669998,36.68,31.944109,196300
2018-02-09,37.060001,37.439999,36.669998,37.16,32.362129,263900
2018-02-12,37.209999,37.52,36.700001,37.110001,32.318577,185700
2018-02-13,36.630001,37.09,36.5,37.09,32.529072,181300
2018-02-14,36.810001,38.419998,36.810001,38.330002,33.616592,417000
2018-02-15,38.599998,38.720001,38.209999,38.580002,33.835842,154000
2018-02-16,38.5,39.439999,38.5,39.080002,34.274361,160700
2018-02-20,38.900002,39.23,38.459999,38.540001,33.800758,123400
2018-02-21,38.529999,39.279999,38.509998,38.810001,34.037567,99500
2018-02-22,39.75,39.75,38.700001,38.759998,33.993713,171900
2018-02-23,39.009998,39.439999,38.830002,39.380001,34.537468,111000
2018-02-26,39.450001,39.57,39.060001,39.380001,34.537468,91100
2018-02-27,39.389999,39.639999,38.77,38.779999,34.011242,118500
2018-02-28,38.939999,39.16,38.560001,38.759998,33.993713,355500
2018-03-01,38.669998,39.119999,38.400002,38.779999,34.011242,299000
2018-03-02,38.450001,39.23,38.330002,39.150002,34.335754,193900
2018-03-05,38.970001,39.549999,38.700001,39.369999,34.528698,221400
2018-03-06,39.529999,39.619999,38.84,39.59,34.721645,161800
2018-03-07,39.369999,39.93,39.049999,39.810001,34.914597,134200
2018-03-08,39.98,39.98,39.0,39.59,34.721645,99300
2018-03-09,39.869999,40.049999,39.389999,39.990002,35.07246,152500
2018-03-12,40.0,40.049999,39.759998,39.970001,35.054924,126600
2018-03-13,40.110001,40.189999,39.580002,39.75,34.861969,132500
2018-03-14,39.93,40.110001,39.34,39.369999,34.528698,126000
2018-03-15,39.5,39.75,39.18,39.720001,34.835659,103600
2018-03-16,39.73,39.98,39.540001,39.77,34.879509,696200
2018-03-19,39.650002,39.779999,39.169998,39.720001,34.835659,104500
2018-03-20,39.68,39.93,39.290001,39.419998,34.572544,70900
2018-03-21,39.41,39.860001,39.16,39.57,34.704102,128000
2018-03-22,39.220001,39.48,38.57,38.630001,33.879696,189200
2018-03-23,38.490002,38.880001,37.220001,37.23,32.651855,215800
2018-03-26,37.73,38.799999,37.700001,38.630001,33.879696,234200
2018-03-27,38.630001,38.82,37.98,38.150002,33.458725,169200
2018-03-28,38.16,39.0,37.950001,38.720001,33.958633,166700
2018-03-29,38.91,39.220001,38.68,38.759998,33.993713,240100
2018-04-02,38.740002,39.34,38.110001,38.310001,33.59906,306400
2018-04-03,38.450001,38.91,38.25,38.880001,34.098961,208500
2018-04-04,38.330002,39.360001,38.080002,39.240002,34.414692,157800
2018-04-05,39.549999,39.549999,38.84,39.349998,34.511162,224200
2018-04-06,39.189999,39.48,38.220001,38.639999,33.888474,210300
2018-04-09,38.919998,39.220001,38.380001,38.41,33.686752,106200
2018-04-10,38.84,39.029999,38.580002,38.91,34.125267,154400
2018-04-11,38.75,38.889999,38.43,38.82,34.046329,211900
2018-04-12,39.07,39.349998,38.91,39.18,34.362064,68500
2018-04-13,39.389999,39.389999,38.73,38.860001,34.081425,175400
2018-04-16,38.990002,39.34,38.77,39.200001,34.379601,73300
2018-04-17,39.439999,39.439999,38.419998,38.919998,34.134037,83200
2018-04-18,38.93,39.16,38.32,38.369999,33.651669,266100
2018-04-19,38.450001,39.689999,38.0,39.639999,34.765503,192600
2018-04-20,39.52,39.970001,39.490002,39.919998,35.011066,387100
2018-04-23,39.91,40.52,39.869999,40.130001,35.19524,262400
2018-04-24,41.07,41.59,40.880001,40.990002,35.949493,426100
2018-04-25,41.0,41.040001,40.299999,40.310001,35.353115,300900
2018-04-26,40.450001,40.619999,40.09,40.150002,35.212791,151200
2018-04-27,40.110001,40.490002,40.0,40.18,35.239101,112500
2018-04-30,40.18,40.34,39.380001,39.630001,34.756725,150000
2018-05-01,39.630001,40.310001,39.259998,40.290001,35.335571,242800
2018-05-02,40.099998,40.549999,39.790001,40.200001,35.256641,103300
2018-05-03,40.0,40.110001,39.610001,40.049999,35.125084,157200
2018-05-04,39.82,40.779999,39.599998,40.48,35.502201,174300
2018-05-07,40.52,40.740002,40.16,40.400002,35.432049,143600
2018-05-08,40.16,40.540001,40.150002,40.48,35.749969,151700
2018-05-09,40.490002,41.119999,40.32,40.82,36.050247,223600
2018-05-10,40.740002,41.110001,40.560001,40.900002,36.120907,100800
2018-05-11,40.73,41.27,40.580002,40.779999,36.014915,98800
2018-05-14,40.93,40.93,40.439999,40.610001,35.864784,99900
2018-05-15,40.5,41.02,40.5,40.849998,36.076736,136000
2018-05-16,40.810001,40.98,40.599998,40.830002,36.059074,303200
2018-05-17,40.790001,41.18,40.599998,41.119999,36.315197,78300
2018-05-18,41.299999,41.459999,40.919998,41.459999,36.615463,266300
2018-05-21,41.470001,41.970001,41.34,41.93,37.030544,198400
2018-05-22,42.0,42.43,41.880001,42.02,37.110031,114500
2018-05-23,41.830002,42.25,41.689999,42.09,37.171852,149400
2018-05-24,41.919998,42.110001,41.389999,42.060001,37.145359,157200
2018-05-25,41.880001,42.029999,41.610001,41.869999,36.977562,134300
2018-05-29,41.619999,41.669998,40.919998,41.330002,36.500656,159500
2018-05-30,41.43,42.150002,41.099998,41.919998,37.021725,153500
2018-05-31,41.82,42.139999,41.509998,41.549999,36.69495,144800
2018-06-01,41.779999,42.209999,41.779999,42.07,37.154194,131700
2018-06-04,42.119999,42.93,42.119999,42.889999,37.878368,303400
2018-06-05,42.740002,42.889999,42.57,42.779999,37.781219,233600
2018-06-06,42.77,43.599998,42.77,43.580002,38.487747,242900
2018-06-07,43.57,43.869999,43.169998,43.400002,38.328781,219300
2018-06-08,43.240002,43.540001,43.200001,43.459999,38.381767,131200
2018-06-11,43.459999,43.619999,42.700001,42.77,37.7724,170200
2018-06-12,42.759998,43.130001,42.099998,42.23,37.295486,129600
2018-06-13,42.220001,42.509998,41.830002,42.130001,37.207176,130800
2018-06-14,42.139999,42.23,41.700001,42.150002,37.224838,131500
2018-06-15,42.0,42.220001,41.610001,41.830002,36.942234,337100
2018-06-18,41.59,42.099998,41.369999,41.990002,37.083538,207400
2018-06-19,41.720001,42.490002,41.720001,42.34,37.392632,254800
2018-06-20,42.389999,42.720001,42.240002,42.560001,37.586937,138300
2018-06-21,42.619999,42.759998,42.150002,42.259998,37.32198,137800
2018-06-22,42.41,42.48,41.73,42.029999,37.118858,445800
2018-06-25,41.830002,41.98,41.360001,41.59,36.730274,121800
2018-06-26,42.029999,42.389999,41.349998,42.23,37.295486,282700
2018-06-27,42.200001,42.200001,41.32,41.369999,36.535988,146000
2018-06-28,41.400002,41.759998,41.25,41.32,36.491829,98200
2018-06-29,41.490002,41.700001,40.900002,41.009998,36.218044,110100
2018-07-02,40.790001,41.700001,40.790001,41.700001,36.827427,131900
2018-07-03,41.689999,42.02,41.689999,41.860001,36.968719,166600
2018-07-05,41.950001,42.34,41.77,42.32,37.374981,152500
2018-07-06,42.150002,42.68,42.029999,42.490002,37.52512,289500
2018-07-09,42.68,43.380001,42.560001,43.380001,38.311111,136700
2018-07-10,43.290001,43.549999,42.669998,43.049999,38.019669,162100
2018-07-11,42.82,43.43,42.82,42.880001,37.869537,120100
2018-07-12,43.029999,43.439999,42.290001,42.57,37.595764,151700
2018-07-13,42.419998,42.599998,41.990002,42.07,37.154194,124700
2018-07-16,42.240002,42.630001,42.189999,42.610001,37.631096,142100
2018-07-17,42.700001,42.790001,42.369999,42.5,37.533943,112500
2018-07-18,42.400002,42.650002,42.290001,42.529999,37.560432,234900
2018-07-19,42.349998,42.349998,40.43,40.689999,35.93544,280900
2018-07-20,40.490002,40.59,39.669998,40.259998,35.555683,240300
2018-07-23,40.259998,40.490002,40.07,40.380001,35.661663,148900
2018-07-24,40.279999,40.450001,39.68,39.970001,35.299572,121700
2018-07-25,39.869999,39.919998,39.139999,39.360001,34.760853,174400
2018-07-26,39.290001,40.0,39.290001,39.689999,35.052288,90700
2018-07-27,39.759998,39.830002,39.110001,39.209999,34.62838,91500
2018-07-30,39.220001,39.470001,38.990002,39.02,34.460571,127700
2018-07-31,39.029999,39.139999,38.869999,39.110001,34.540066,208000
2018-08-01,39.110001,39.650002,39.02,39.509998,34.893318,116200
2018-08-02,39.389999,39.799999,39.27,39.77,35.12294,87300
2018-08-03,39.779999,40.150002,39.16,39.310001,34.71669,72900
2018-08-06,39.400002,39.490002,39.119999,39.310001,34.71669,89600
2018-08-07,39.400002,39.450001,39.02,39.080002,34.761166,69500
2018-08-08,39.080002,39.540001,38.779999,39.389999,35.036903,52900
2018-08-09,39.400002,39.560001,39.040001,39.18,34.850113,47500
2018-08-10,39.049999,39.27,38.709999,39.0,34.69001,81900
2018-08-13,38.990002,39.27,38.779999,39.009998,34.698891,96800
2018-08-14,39.080002,39.740002,39.060001,39.5,35.134754,105500
2018-08-15,39.400002,39.669998,38.950001,39.02,34.707794,104000
2018-08-16,39.189999,39.509998,39.169998,39.240002,34.903488,72600
2018-08-17,39.130001,39.419998,39.099998,39.369999,35.019115,96200
2018-08-20,39.310001,39.57,39.02,39.27,34.930161,70200
2018-08-21,39.299999,39.939999,39.299999,39.630001,35.250389,101900
2018-08-22,39.619999,39.82,39.43,39.549999,35.179226,49500
2018-08-23,39.48,39.529999,39.169998,39.279999,34.939068,46500
2018-08-24,39.310001,39.389999,39.029999,39.130001,34.805634,103300
2018-08-27,39.240002,39.400002,38.900002,39.049999,34.734482,92200
2018-08-28,39.119999,39.209999,38.810001,38.91,34.609947,101900
2018-08-29,38.990002,39.07,38.77,38.939999,34.636631,71600
2018-08-30,38.959999,39.040001,38.709999,38.889999,34.592155,79300
2018-08-31,38.860001,39.029999,38.759998,39.0,34.69001,137700
2018-09-04,38.939999,39.189999,38.599998,38.900002,34.601055,93600
2018-09-05,38.849998,39.299999,38.849998,39.029999,34.716686,96000
2018-09-06,39.0,39.16,38.82,39.029999,34.716686,63800
2018-09-07,39.029999,39.290001,38.349998,39.27,34.930161,75000
2018-09-10,39.349998,39.450001,39.029999,39.060001,34.743382,76900
2018-09-11,39.009998,39.5,38.919998,39.259998,34.921276,73500
2018-09-12,39.220001,39.41,38.740002,38.919998,34.618847,119200
2018-09-13,39.02,39.279999,38.740002,38.91,34.609947,175000
2018-09-14,38.900002,39.700001,38.900002,39.189999,34.859009,90600
2018-09-17,39.25,39.259998,38.970001,39.150002,34.823433,82300
2018-09-18,39.16,39.299999,38.900002,39.099998,34.778954,131300
2018-09-19,39.18,39.549999,39.18,39.439999,35.081379,106900
2018-09-20,39.599998,40.380001,39.599998,40.299999,35.846336,118000
2018-09-21,40.240002,40.560001,40.060001,40.099998,35.668438,372100
2018-09-24,40.09,40.150002,39.369999,39.43,35.072483,169300
2018-09-25,39.48,39.59,39.139999,39.16,34.832321,83200
2018-09-26,39.299999,39.490002,39.0,39.02,34.707794,198300
2018-09-27,39.110001,39.209999,38.869999,39.009998,34.698891,169700
2018-09-28,38.880001,39.389999,38.849998,39.310001,34.965744,124900
2018-10-01,39.48,39.5,38.48,38.630001,34.360893,153500
2018-10-02,38.529999,38.830002,38.16,38.299999,34.06736,93200
2018-10-03,38.389999,39.139999,38.240002,39.080002,34.761166,91300
2018-10-04,39.07,39.580002,38.709999,39.07,34.752266,96500
2018-10-05,39.060001,39.279999,38.630001,38.82,34.529896,77800
2018-10-08,38.849998,39.380001,38.41,39.240002,34.903488,56700
2018-10-09,39.16,39.419998,39.099998,39.23,34.894585,73000
2018-10-10,39.23,39.68,38.830002,38.849998,34.55658,96800
2018-10-11,38.75,38.900002,37.810001,37.830002,33.649303,78000
2018-10-12,38.209999,39.919998,35.73,36.66,32.608601,174900
2018-10-15,36.560001,37.259998,36.459999,37.040001,32.946606,114600
2018-10-16,37.139999,37.41,36.599998,37.349998,33.222347,91100
2018-10-17,37.240002,37.779999,36.84,37.450001,33.311298,85900
2018-10-18,37.330002,38.84,36.740002,37.25,33.133408,200200
2018-10-19,37.450001,37.939999,36.75,36.98,32.893242,150700
2018-10-22,37.02,37.209999,35.689999,35.950001,31.977064,137700
2018-10-23,35.459999,35.84,34.91,35.279999,31.381113,263800
2018-10-24,35.349998,35.389999,33.509998,33.599998,29.886772,166700
2018-10-25,33.709999,34.689999,33.380001,34.220001,30.438255,267500
2018-10-26,33.82,37.380001,33.689999,34.43,30.625046,172800
2018-10-29,34.900002,35.759998,34.700001,35.540001,31.612379,99400
2018-10-30,35.549999,36.23,35.540001,35.98,32.003754,136400
2018-10-31,36.259998,36.470001,35.549999,35.549999,31.621273,146100
2018-11-01,35.73,35.939999,35.150002,35.57,31.639061,80500
2018-11-02,35.630001,35.950001,35.52,35.869999,31.90591,67400
2018-11-05,35.98,36.099998,35.5,35.93,31.959278,55000
2018-11-06,35.900002,36.450001,35.439999,36.119999,32.128281,93900
2018-11-07,36.130001,36.380001,35.560001,36.25,32.243916,53200
2018-11-08,36.119999,36.759998,36.119999,36.439999,32.412914,93200
2018-11-09,36.330002,36.619999,36.02,36.209999,32.208332,50600
2018-11-12,36.189999,36.200001,35.630001,35.669998,31.72801,179000
2018-11-13,35.599998,36.09,35.220001,35.73,32.032829,85900
2018-11-14,35.950001,36.330002,35.029999,35.040001,31.414232,207000
2018-11-15,35.040001,36.07,34.889999,36.0,32.274891,126800
2018-11-16,35.779999,36.25,35.77,36.18,32.436272,75000
2018-11-19,36.560001,36.720001,35.990002,36.23,32.481091,63500
2018-11-20,35.959999,36.200001,35.16,35.360001,31.70112,117400
2018-11-21,35.41,36.759998,34.990002,35.509998,31.835594,73800
2018-11-23,35.400002,35.959999,35.400002,35.619999,31.934212,47100
2018-11-26,35.860001,36.200001,35.689999,35.790001,32.086628,77800
2018-11-27,35.619999,35.849998,35.380001,35.610001,31.925251,52800
2018-11-28,35.619999,36.029999,35.09,35.939999,32.2211,89700
2018-11-29,35.709999,36.060001,35.43,35.59,31.907312,66600
2018-11-30,35.549999,36.09,35.549999,36.02,32.292828,82200
2018-12-03,36.419998,36.419998,35.599998,35.93,32.212139,86300
2018-12-04,35.779999,36.23,33.610001,33.700001,30.212887,124000
2018-12-06,33.209999,34.0,33.07,33.990002,30.472878,137900
2018-12-07,33.77,34.650002,33.610001,33.849998,30.347361,88000
2018-12-10,33.82,34.07,32.91,33.360001,29.908066,66600
2018-12-11,33.650002,33.799999,32.700001,32.970001,29.558422,80600
2018-12-12,33.259998,33.810001,32.470001,33.470001,30.006685,71700
2018-12-13,33.790001,33.900002,32.959999,33.110001,29.683935,107600
2018-12-14,32.869999,33.389999,32.549999,32.610001,29.235676,68800
2018-12-17,32.610001,33.349998,32.52,32.880001,29.477737,131700
2018-12-18,33.060001,33.16,32.32,32.48,29.119123,88300
2018-12-19,32.470001,33.0,31.48,31.620001,28.348114,120000
2018-12-20,31.450001,31.889999,31.299999,31.73,28.446733,177200
2018-12-21,31.790001,31.799999,29.889999,30.99,27.783302,316100
2018-12-24,30.799999,31.24,29.870001,30.280001,27.14677,59300
2018-12-26,30.4,31.610001,30.09,31.559999,28.294321,113200
2018-12-27,31.219999,31.65,30.309999,31.0,27.792271,103200
2018-12-28,30.98,31.540001,30.799999,31.290001,28.052261,124300
2018-12-31,31.33,31.540001,30.9,31.34,28.097088,77400
2019-01-02,31.09,31.860001,31.01,31.57,28.303288,136400
2019-01-03,31.450001,32.040001,31.200001,31.76,28.473629,112400
2019-01-04,32.029999,32.939999,31.75,32.880001,29.477737,119900
2019-01-07,32.779999,33.41,32.709999,33.169998,29.737726,97900
2019-01-08,33.349998,33.560001,32.779999,33.549999,30.078403,74900
2019-01-09,33.59,33.709999,33.139999,33.470001,30.006685,72200
2019-01-10,33.360001,33.529999,33.009998,33.25,29.80945,62500
2019-01-11,33.07,33.330002,32.919998,33.099998,29.674969,91600
2019-01-14,32.900002,33.5,32.830002,33.07,29.648075,104200
2019-01-15,33.080002,33.389999,32.82,33.34,29.890139,76000
2019-01-16,33.48,34.299999,33.41,34.240002,30.697018,160600
2019-01-17,31.77,32.57,30.950001,32.049999,28.733618,317900
2019-01-18,31.309999,32.360001,31.309999,31.719999,28.437767,290400
2019-01-22,31.5,32.099998,31.5,32.09,28.769478,177800
2019-01-23,32.080002,32.59,31.82,32.48,29.119123,143300
2019-01-24,32.48,32.860001,32.470001,32.779999,29.388081,176800
2019-01-25,32.799999,32.950001,32.630001,32.93,29.522566,150000
2019-01-28,32.810001,33.049999,32.599998,32.900002,29.49567,111200
2019-01-29,32.939999,33.130001,32.830002,32.91,29.504633,81900
2019-01-30,32.91,33.189999,32.830002,33.0,29.585321,91200
2019-01-31,32.93,32.98,32.150002,32.610001,29.235676,70800
2019-02-01,32.610001,32.82,32.549999,32.59,29.217743,111600
2019-02-04,32.580002,33.0,32.439999,32.900002,29.49567,139400
2019-02-05,32.860001,33.080002,32.75,32.91,29.504633,123800
2019-02-06,32.889999,33.169998,32.889999,33.040001,29.621185,61000
2019-02-07,33.139999,33.5,33.080002,33.299999,29.854275,115500
2019-02-08,33.099998,33.459999,32.77,32.959999,29.549458,71100
2019-02-11,32.959999,33.240002,32.75,33.209999,29.773586,101400
2019-02-12,33.200001,33.549999,33.07,33.43,30.225664,83500
2019-02-13,33.419998,33.580002,33.220001,33.279999,30.090042,94800
2019-02-14,33.07,33.23,32.830002,32.860001,29.7103,272700
2019-02-15,33.029999,34.009998,33.029999,33.799999,30.560196,146200
2019-02-19,33.599998,34.16,33.599998,34.080002,30.813362,146800
2019-02-20,34.189999,34.619999,34.119999,34.619999,31.301596,205700
2019-02-21,34.689999,34.830002,34.459999,34.720001,31.392019,212900
2019-02-22,34.700001,35.009998,34.650002,35.0,31.645172,186000
2019-02-25,35.110001,35.25,34.860001,35.0,31.645172,212600
2019-02-26,34.939999,35.139999,34.439999,34.610001,31.292562,87200
2019-02-27,34.610001,35.139999,34.389999,35.119999,31.753675,85000
2019-02-28,35.18,35.259998,34.98,35.07,31.708464,141300
2019-03-01,35.189999,35.310001,34.740002,34.959999,31.609011,128700
2019-03-04,34.950001,35.220001,34.610001,34.799999,31.464344,82900
2019-03-05,34.709999,35.139999,34.459999,34.98,31.627085,118000
2019-03-06,34.970001,34.970001,33.880001,33.93,30.677734,172800
2019-03-07,33.889999,33.889999,33.040001,33.09,29.918253,181100
2019-03-08,32.970001,33.34,32.849998,33.049999,29.882088,110200
2019-03-11,33.060001,33.57,32.919998,33.439999,30.234701,77600
2019-03-12,33.470001,33.599998,33.16,33.32,30.126205,53500
2019-03-13,33.509998,33.849998,33.34,33.689999,30.460739,94800
2019-03-14,33.709999,33.709999,33.32,33.439999,30.234701,52800
2019-03-15,33.400002,33.779999,33.310001,33.330002,30.135248,274800
2019-03-18,33.330002,33.849998,33.259998,33.650002,30.42458,73200
2019-03-19,33.740002,33.740002,32.720001,32.799999,29.656048,74700
2019-03-20,32.689999,32.759998,31.76,31.83,28.77903,142500
2019-03-21,31.76,32.169998,31.48,31.620001,28.589157,109000
2019-03-22,31.42,31.42,29.85,30.059999,27.178684,135600
2019-03-25,30.08,30.459999,29.83,30.07,27.187725,115700
2019-03-26,30.219999,30.73,30.17,30.700001,27.757343,315900
2019-03-27,30.58,30.809999,30.280001,30.66,27.721174,285500
2019-03-28,30.65,31.18,30.65,31.1,28.119001,138900
2019-03-29,31.32,31.370001,30.870001,31.280001,28.281746,230200
2019-04-01,31.5,32.150002,31.440001,31.91,28.851358,114300
2019-04-02,31.92,32.07,31.709999,31.940001,28.878481,96700
2019-04-03,32.220001,32.41,31.91,32.02,28.950813,89300
2019-04-04,32.049999,32.59,32.049999,32.490002,29.375765,77100
2019-04-05,32.5,32.669998,32.259998,32.66,29.529472,169500
2019-04-08,32.650002,32.849998,32.560001,32.84,29.692215,58800
2019-04-09,32.790001,32.900002,32.380001,32.459999,29.34864,106700
2019-04-10,32.5,32.720001,32.209999,32.669998,29.538509,118000
2019-04-11,32.799999,33.099998,32.599998,32.73,29.592754,338700
2019-04-12,32.799999,33.220001,32.540001,33.200001,30.017708,290700
2019-04-15,33.259998,33.259998,32.439999,32.5,29.384804,71600
2019-04-16,32.610001,33.080002,32.41,33.080002,29.909212,180600
2019-04-17,33.189999,33.389999,32.669998,33.299999,30.108126,100100
2019-04-18,33.639999,34.75,33.389999,33.52,30.307041,329500
2019-04-22,33.619999,34.77,33.5,34.07,30.804317,245900
2019-04-23,34.09,35.009998,33.830002,34.549999,31.238314,242800
2019-04-24,34.549999,34.709999,34.259998,34.57,31.256395,194100
2019-04-25,34.360001,34.939999,34.02,34.470001,31.165977,181200
2019-04-26,34.580002,34.84,34.389999,34.830002,31.491472,102200
2019-04-29,34.810001,35.310001,34.720001,35.119999,31.753675,105100
2019-04-30,35.02,35.189999,34.740002,34.889999,31.545715,191900
2019-05-01,34.970001,35.110001,34.369999,34.619999,31.301596,124600
2019-05-02,34.650002,35.029999,33.990002,34.77,31.437223,181000
2019-05-03,34.91,35.560001,34.799999,35.560001,32.151505,113100
2019-05-06,35.119999,35.759998,35.060001,35.669998,32.250957,125100
2019-05-07,35.049999,35.25,34.450001,34.68,31.621799,135000
2019-05-08,34.639999,34.880001,34.52,34.709999,31.649155,118100
2019-05-09,34.509998,34.82,34.150002,34.709999,31.649155,138100
2019-05-10,34.630001,34.639999,34.119999,34.490002,31.448555,102700
2019-05-13,34.07,34.07,33.23,33.32,30.381729,132400
2019-05-14,33.419998,33.880001,33.34,33.779999,30.801167,155900
2019-05-15,33.599998,33.599998,32.959999,33.470001,30.518507,173200
2019-05-16,33.73,34.040001,33.23,33.709999,30.737339,309800
2019-05-17,33.360001,34.27,33.360001,33.740002,30.764702,161900
2019-05-20,33.599998,34.25,33.23,34.139999,31.129419,102200
2019-05-21,34.220001,34.41,34.110001,34.23,31.211485,70000
2019-05-22,34.07,34.200001,33.740002,33.810001,30.828524,138300
2019-05-23,33.52,33.580002,32.91,33.189999,30.263193,72400
2019-05-24,33.389999,33.720001,33.32,33.68,30.709986,61400
2019-05-28,33.68,33.68,33.18,33.209999,30.281427,113300
2019-05-29,33.029999,33.490002,32.799999,33.43,30.482033,93800
2019-05-30,33.509998,33.560001,32.73,32.990002,30.080833,254400
2019-05-31,32.630001,32.75,32.0,32.150002,29.314903,211100
2019-06-03,32.23,32.849998,32.200001,32.560001,29.688753,135900
2019-06-04,32.91,33.580002,32.91,33.529999,30.573212,140400
2019-06-05,33.470001,33.540001,32.98,33.25,30.317905,135800
2019-06-06,33.279999,33.279999,32.709999,33.130001,30.208485,80700
2019-06-07,33.080002,33.209999,32.880001,32.959999,30.053474,59500
2019-06-10,33.25,33.630001,33.07,33.119999,30.199368,142600
2019-06-11,33.369999,33.529999,33.139999,33.419998,30.472914,77500
2019-06-12,33.380001,33.650002,33.299999,33.509998,30.554974,46000
2019-06-13,33.630001,33.82,33.400002,33.490002,30.536741,61100
2019-06-14,33.549999,33.639999,33.169998,33.509998,30.554974,53000
2019-06-17,33.540001,33.560001,33.299999,33.43,30.482033,73300
2019-06-18,33.439999,34.099998,33.439999,33.830002,30.846756,82100
2019-06-19,33.84,34.110001,33.68,33.77,30.792053,117600
2019-06-20,33.950001,33.950001,33.43,33.779999,30.801167,90400
2019-06-21,33.580002,34.040001,33.490002,33.68,30.709986,371000
2019-06-24,33.900002,33.990002,33.490002,33.57,30.609686,99200
2019-06-25,33.560001,33.740002,33.139999,33.610001,30.64616,69100
2019-06-26,33.75,34.040001,33.619999,33.779999,30.801167,95400
2019-06-27,33.759998,34.43,33.759998,34.349998,31.3209,124100
2019-06-28,34.5,35.0,34.25,34.880001,31.804171,345900
2019-07-01,35.099998,35.18,34.810001,35.150002,32.050362,106700
2019-07-02,35.119999,35.150002,34.59,34.849998,31.776808,151700
2019-07-03,34.889999,35.25,34.790001,35.240002,32.132423,61500
2019-07-05,35.32,35.66,35.27,35.59,32.451553,129600
2019-07-08,35.369999,35.57,34.84,34.889999,31.81328,272900
2019-07-09,34.740002,35.290001,34.720001,35.27,32.159775,127900
2019-07-10,35.369999,35.52,34.970001,35.080002,31.986532,101800
2019-07-11,35.049999,35.16,34.830002,35.130001,32.032116,68600
2019-07-12,35.279999,35.630001,35.09,35.540001,32.405964,80300
2019-07-15,35.639999,35.639999,34.779999,34.970001,31.886225,87500
2019-07-16,34.889999,35.27,34.889999,35.009998,31.922703,62100
2019-07-17,34.709999,34.830002,34.400002,34.48,31.43944,175800
2019-07-18,35.330002,35.91,34.419998,35.669998,32.524502,160400
2019-07-19,35.380001,35.77,35.240002,35.279999,32.168892,133100
2019-07-22,35.130001,35.259998,34.950001,35.209999,32.105064,107900
2019-07-23,35.18,35.59,35.130001,35.200001,32.095947,112700
2019-07-24,35.080002,35.84,35.02,35.650002,32.506268,291700
2019-07-25,35.779999,35.82,35.41,35.509998,32.378609,157800
2019-07-26,35.560001,36.369999,35.560001,36.310001,33.108063,137300
2019-07-29,36.259998,36.509998,35.810001,35.950001,32.779812,123400
2019-07-30,35.73,36.349998,35.59,36.32,33.11718,94400
2019-07-31,36.349998,36.790001,36.240002,36.439999,33.226593,156500
2019-08-01,36.389999,36.759998,35.630001,35.810001,32.652157,187800
2019-08-02,35.709999,35.709999,35.240002,35.66,32.515388,85100
2019-08-05,35.049999,35.139999,34.0,34.560001,31.512384,137200
2019-08-06,34.619999,34.889999,34.119999,34.709999,31.649155,75500
2019-08-07,34.02,34.419998,33.810001,34.349998,31.3209,77200
2019-08-08,34.66,34.990002,34.630001,34.73,31.667391,124500
2019-08-09,34.66,34.900002,34.369999,34.720001,31.658279,186400
2019-08-12,34.470001,34.52,34.220001,34.290001,31.266193,118200
2019-08-13,34.029999,34.759998,33.709999,34.27,31.523754,87600
2019-08-14,33.619999,33.799999,32.98,33.209999,30.548693,153300
2019-08-15,33.25,33.400002,32.759998,32.939999,30.300337,99800
2019-08-16,33.099998,33.849998,33.099998,33.82,31.109814,69600
2019-08-19,34.27,34.349998,33.970001,33.98,31.256992,64700
2019-08-20,33.799999,33.860001,33.529999,33.630001,30.935045,103100
2019-08-21,33.990002,34.029999,33.630001,34.029999,31.302986,122000
2019-08-22,34.18,34.34,33.849998,33.970001,31.247797,117000
2019-08-23,33.900002,34.130001,32.669998,32.75,30.125563,146900
2019-08-26,33.150002,33.259998,32.790001,33.240002,30.576294,72600
2019-08-27,33.450001,33.650002,32.470001,32.650002,30.033575,90100
2019-08-28,32.529999,33.279999,32.529999,33.09,30.438314,78500
2019-08-29,33.380001,33.799999,33.380001,33.599998,30.907444,71400
2019-08-30,33.740002,33.830002,33.349998,33.48,30.797066,65400
2019-09-03,33.119999,33.169998,32.619999,32.849998,30.217543,69200
2019-09-04,32.799999,33.130001,32.799999,32.990002,30.346331,63600
2019-09-05,33.450001,34.240002,33.400002,33.700001,30.999435,60500
2019-09-06,34.09,34.09,33.580002,33.700001,30.999435,148600
2019-09-09,34.07,34.73,33.830002,34.57,31.799719,96100
2019-09-10,34.630001,34.950001,34.439999,34.73,31.94689,124800
2019-09-11,34.790001,35.389999,34.369999,35.279999,32.45282,94900
2019-09-12,35.099998,35.919998,34.970001,35.700001,32.839165,138100
2019-09-13,35.970001,36.34,35.619999,36.049999,33.16111,116700
2019-09-16,35.799999,36.189999,35.700001,35.880001,33.004742,59900
2019-09-17,35.709999,36.07,35.450001,35.990002,33.105923,134500
2019-09-18,35.869999,36.200001,35.630001,36.080002,33.188709,202900
2019-09-19,36.130001,36.470001,35.830002,35.959999,33.078323,119100
2019-09-20,35.950001,36.07,35.330002,35.490002,32.645988,259800
2019-09-23,35.369999,35.580002,34.98,35.330002,32.498817,71900
2019-09-24,34.029999,34.029999,32.57,32.939999,30.300337,312600
2019-09-25,33.07,33.599998,32.830002,33.52,30.833862,544400
2019-09-26,34.09,34.48,33.740002,33.84,31.128212,474300
2019-09-27,34.349998,34.450001,33.919998,34.110001,31.376577,367600
2019-09-30,34.18,34.360001,33.66,33.709999,31.008629,280600
2019-10-01,33.880001,34.080002,33.209999,33.41,30.732676,156100
2019-10-02,33.110001,33.490002,33.009998,33.450001,30.769466,192200
2019-10-03,33.27,33.880001,32.939999,33.310001,30.640682,110600
2019-10-04,33.25,33.689999,33.040001,33.48,30.797066,363100
2019-10-07,33.240002,33.740002,33.220001,33.450001,30.769466,141700
2019-10-08,33.23,33.23,32.720001,32.91,30.272738,171500
2019-10-09,33.16,33.16,32.830002,32.880001,30.245142,64100
2019-10-10,32.93,33.259998,32.880001,33.040001,30.392324,166900
2019-10-11,33.459999,33.68,33.200001,33.220001,30.557896,170000
2019-10-14,32.950001,33.150002,32.810001,32.900002,30.263538,75500
2019-10-15,32.919998,33.439999,32.849998,33.23,30.567093,108600
2019-10-16,33.169998,33.470001,33.150002,33.419998,30.741871,161400
2019-10-17,33.790001,34.68,33.380001,34.049999,31.321383,189900
2019-10-18,33.779999,33.959999,33.619999,33.849998,31.137415,127800
2019-10-21,34.049999,34.830002,33.950001,34.799999,32.011284,226500
2019-10-22,34.619999,34.91,34.439999,34.560001,31.790518,118300
2019-10-23,34.529999,34.779999,34.220001,34.470001,31.707727,89800
2019-10-24,34.459999,34.540001,33.84,34.09,31.358183,97900
2019-10-25,34.040001,34.549999,34.040001,34.310001,31.560549,99700
2019-10-28,34.41,34.830002,34.369999,34.779999,31.99288,114600
2019-10-29,34.639999,35.139999,34.59,35.049999,32.241253,102800
2019-10-30,35.02,35.02,34.43,34.740002,31.956087,110300
2019-10-31,34.630001,34.630001,33.759998,34.5,31.735327,167600
2019-11-01,34.57,35.169998,34.540001,35.130001,32.314838,89000
2019-11-04,35.490002,35.599998,35.119999,35.529999,32.682785,146000
2019-11-05,35.849998,35.98,35.459999,35.740002,32.875954,89900
2019-11-06,35.66,35.77,35.369999,35.669998,32.811565,91400
2019-11-07,36.029999,36.169998,35.470001,35.639999,32.783974,95700
2019-11-08,35.52,35.77,35.389999,35.66,32.802372,74300
2019-11-11,35.540001,35.700001,35.330002,35.619999,32.765575,79000
2019-11-12,35.43,35.43,35.049999,35.240002,32.69136,166900
2019-11-13,34.970001,35.169998,34.790001,35.099998,32.561478,89000
2019-11-14,35.119999,35.220001,34.810001,35.130001,32.589317,84000
2019-11-15,35.369999,35.369999,34.98,35.209999,32.663528,145100
2019-11-18,35.290001,35.450001,35.009998,35.27,32.719193,121800
2019-11-19,35.290001,35.389999,35.110001,35.23,32.682076,146600
2019-11-20,35.220001,35.59,35.07,35.189999,32.644974,183600
2019-11-21,35.389999,35.450001,34.91,35.23,32.682076,149100
2019-11-22,35.25,35.299999,35.049999,35.259998,32.709904,141200
2019-11-25,35.290001,35.799999,35.209999,35.73,33.14592,255600
2019-11-26,35.689999,35.950001,35.52,35.560001,32.988213,143300
2019-11-27,35.759998,35.759998,35.380001,35.619999,33.043877,123900
2019-11-29,35.52,35.700001,35.34,35.360001,32.802677,59700
2019-12-02,35.540001,35.720001,35.240002,35.279999,32.728462,130100
2019-12-03,35.0,35.310001,34.639999,35.169998,32.626419,207200
2019-12-04,35.41,35.509998,35.240002,35.299999,32.747021,132900
2019-12-05,35.490002,35.490002,35.169998,35.200001,32.654251,112000
2019-12-06,35.5,35.810001,35.5,35.560001,32.988213,158300
2019-12-09,35.580002,35.75,35.470001,35.619999,33.043877,133000
2019-12-10,35.650002,35.880001,35.540001,35.860001,33.266518,122800
2019-12-11,35.830002,35.98,35.650002,35.869999,33.275799,115800
2019-12-12,35.939999,36.48,35.720001,36.400002,33.767464,194200
2019-12-13,36.349998,36.389999,35.939999,36.18,33.56337,99100
2019-12-16,36.27,36.93,36.220001,36.740002,34.082878,164300
2019-12-17,36.700001,37.099998,36.599998,37.029999,34.351902,155500
2019-12-18,37.169998,37.169998,36.77,36.860001,34.194195,158600
2019-12-19,36.98,37.610001,36.799999,37.509998,34.79718,260900
2019-12-20,37.599998,38.16,37.5,38.130001,35.372349,368600
2019-12-23,38.130001,38.330002,37.959999,38.130001,35.372349,340000
2019-12-24,38.25,38.25,37.959999,38.029999,35.279579,107800
2019-12-26,38.139999,38.139999,37.849998,38.060001,35.307407,182200
2019-12-27,38.110001,38.110001,37.790001,37.869999,35.131153,193700
2019-12-30,37.939999,38.150002,37.799999,38.009998,35.261024,170800
2019-12-31,37.900002,38.139999,37.75,37.880001,35.140423,134100
2020-01-02,37.959999,38.23,37.900002,38.16,35.400181,359500
2020-01-03,38.0,38.450001,37.740002,38.25,35.483665,314600
2020-01-06,38.0,38.09,37.799999,37.98,35.233196,337800
2020-01-07,37.939999,37.939999,37.189999,37.32,34.620926,274800
2020-01-08,37.16,37.669998,37.029999,37.5,34.787918,235400
2020-01-09,37.599998,37.759998,37.470001,37.59,34.871399,225100
2020-01-10,37.529999,37.650002,37.009998,37.110001,34.426117,176000
2020-01-13,37.110001,37.240002,36.900002,37.200001,34.509609,182700
2020-01-14,37.169998,37.369999,36.889999,36.970001,34.296238,130300
2020-01-15,36.860001,36.860001,36.16,36.349998,33.721077,130000
2020-01-16,36.529999,37.009998,36.189999,36.950001,34.277691,145200
2020-01-17,37.25,37.25,36.900002,36.939999,34.26841,98200
2020-01-21,36.849998,36.849998,36.18,36.27,33.646873,140200
2020-01-22,36.439999,36.439999,36.09,36.189999,33.572647,79700
2020-01-23,36.5,36.689999,35.040001,36.380001,33.748917,226100
2020-01-24,36.549999,36.790001,35.700001,35.869999,33.275799,136100
2020-01-27,35.110001,35.68,35.07,35.34,32.784122,112100
2020-01-28,35.549999,35.689999,35.299999,35.389999,32.830505,87600
2020-01-29,35.380001,35.540001,34.720001,34.73,32.218239,107500
2020-01-30,34.52,35.189999,34.380001,35.189999,32.644974,104400
2020-01-31,35.040001,35.040001,34.740002,34.799999,32.28318,166800
2020-02-03,35.009998,35.23,34.779999,35.119999,32.580036,138200
2020-02-04,35.490002,35.75,35.400002,35.5,32.932556,112800
2020-02-05,35.889999,36.259998,35.669998,36.23,33.609756,119400
2020-02-06,36.389999,36.470001,35.860001,35.869999,33.275799,97200
2020-02-07,35.689999,35.73,35.23,35.360001,32.802677,117200
2020-02-10,35.279999,35.52,35.16,35.450001,32.886169,89500
2020-02-11,35.18,35.790001,35.18,35.41,33.129425,125100
2020-02-12,35.709999,35.82,35.380001,35.490002,33.204273,99600
2020-02-13,35.310001,35.720001,35.310001,35.599998,33.307182,168700
2020-02-14,35.639999,35.73,35.419998,35.450001,33.166843,97600
2020-02-18,35.25,35.490002,35.07,35.169998,32.904884,95200
2020-02-19,35.259998,35.560001,35.25,35.290001,33.017159,145100
2020-02-20,35.119999,35.700001,35.119999,35.52,33.232342,133200
2020-02-21,35.43,35.43,35.049999,35.240002,32.970367,102700
2020-02-24,34.290001,34.599998,33.869999,34.400002,32.184479,144700
2020-02-25,34.330002,34.400002,33.25,33.549999,31.389215,169300
2020-02-26,33.75,34.02,33.25,33.27,31.127253,156400
2020-02-27,32.799999,33.619999,32.189999,32.189999,30.116806,171800
2020-02-28,31.280001,32.009998,30.209999,30.76,28.778908,241800
2020-03-02,30.76,32.830002,30.549999,32.830002,30.715591,188100
2020-03-03,32.799999,33.41,31.66,31.969999,29.910978,165400
2020-03-04,32.16,32.490002,31.639999,32.450001,30.360064,140800
2020-03-05,31.58,31.84,30.870001,31.219999,29.209278,129700
2020-03-06,30.280001,31.01,30.059999,30.530001,28.563721,186500
2020-03-09,28.83,30.889999,27.049999,27.129999,25.382694,233200
2020-03-10,28.16,28.43,26.129999,26.4,24.699711,558600
2020-03-11,25.809999,26.530001,25.190001,25.43,23.792187,373600
2020-03-12,24.290001,25.34,22.57,23.01,21.528044,382100
2020-03-13,24.379999,24.75,23.1,24.68,23.090488,366000
2020-03-16,22.35,23.120001,21.59,21.790001,20.38662,296200
2020-03-17,22.219999,23.25,21.08,23.23,21.733871,384000
2020-03-18,21.98,22.25,18.16,18.639999,17.439491,602700
2020-03-19,18.559999,20.719999,18.0,20.33,19.020653,485800
2020-03-20,20.32,21.52,19.25,19.809999,18.53414,692500
2020-03-23,19.690001,20.549999,18.459999,20.32,19.011293,737700
2020-03-24,21.450001,22.459999,20.959999,22.209999,20.779568,330300
2020-03-25,22.48,22.709999,21.34,21.860001,20.45211,284900
2020-03-26,22.209999,23.58,22.129999,23.440001,21.930351,273400
2020-03-27,22.440001,24.219999,22.08,22.26,20.826349,270300
2020-03-30,22.469999,22.66,21.540001,22.42,20.976044,209200
2020-03-31,22.120001,22.700001,21.719999,22.639999,21.181873,273700
2020-04-01,22.25,22.549999,21.65,22.33,20.891842,324600
2020-04-02,22.219999,22.440001,20.77,21.51,20.124651,211800
2020-04-03,21.23,21.559999,19.84,20.27,18.964514,233100
2020-04-06,21.209999,22.139999,21.209999,22.110001,20.68601,305700
2020-04-07,22.9,24.0,21.92,22.23,20.798279,429300
2020-04-08,22.469999,23.719999,22.01,22.23,20.798279,258400
2020-04-09,22.9,24.530001,22.9,24.26,22.697536,285500
2020-04-13,23.98,25.09,22.85,23.32,21.818079,221300
2020-04-14,24.059999,24.24,22.43,23.18,21.687098,243700
2020-04-15,22.17,22.700001,20.889999,21.07,19.71299,219600
2020-04-16,21.0,21.0,19.42,20.09,18.796108,212300
2020-04-17,20.9,22.190001,20.9,22.0,20.583092,206500
2020-04-20,21.299999,22.360001,21.299999,21.790001,20.38662,159500
2020-04-21,21.0,22.120001,21.0,21.969999,20.555027,189900
2020-04-22,22.6,22.870001,21.549999,22.09,20.667297,168400
2020-04-23,21.33,22.18,20.35,21.25,19.881395,278800
2020-04-24,21.309999,22.43,21.309999,22.24,20.807636,175100
2020-04-27,22.74,24.34,22.57,24.030001,22.482353,233900
2020-04-28,25.01,25.639999,24.42,25.360001,23.726696,244300
2020-04-29,26.33,27.309999,25.940001,26.41,24.709068,326800
2020-04-30,25.59,26.219999,25.110001,25.5,23.857676,237200
2020-05-01,24.83,25.059999,23.82,24.16,22.603977,222200
2020-05-04,23.84,23.91,23.049999,23.52,22.005198,122900
2020-05-05,23.85,24.440001,23.209999,23.23,21.733871,173400
2020-05-06,23.280001,23.450001,22.610001,22.68,21.219296,136500
2020-05-07,22.99,23.41,22.42,22.540001,21.088318,155500
2020-05-08,23.200001,23.98,23.030001,23.93,22.388794,145200
2020-05-11,23.65,23.76,22.389999,22.66,21.200584,226900
2020-05-12,22.389999,22.450001,20.75,20.82,19.740438,221300
2020-05-13,20.77,21.030001,19.209999,20.07,19.029329,232800
2020-05-14,19.559999,20.280001,18.790001,20.139999,19.095699,197300
2020-05-15,20.0,20.4,19.75,20.1,19.057772,232400
2020-05-18,21.209999,22.42,21.120001,22.32,21.162659,183800
2020-05-19,22.139999,22.59,21.42,21.469999,20.356733,206700
2020-05-20,22.43,23.610001,22.25,23.219999,22.015993,304700
2020-05-21,23.08,23.620001,22.950001,23.0,21.807402,137200
2020-05-22,23.0,23.35,22.5,22.799999,21.617771,138700
2020-05-26,23.700001,24.540001,23.01,24.02,22.774511,359200
2020-05-27,24.790001,25.85,24.290001,25.780001,24.443254,264600
2020-05-28,26.68,26.68,24.540001,24.780001,23.495106,145000
2020-05-29,24.370001,24.610001,23.84,24.25,22.992586,188900
2020-06-01,24.389999,24.809999,23.959999,24.57,23.295994,275300
2020-06-02,24.860001,25.26,24.540001,24.82,23.53303,274200
2020-06-03,25.440001,26.610001,25.16,26.030001,24.68029,238800
2020-06-04,25.67,26.77,25.52,26.73,25.343994,197500
2020-06-05,29.02,29.33,27.950001,29.16,27.647993,356000
2020-06-08,29.99,30.24,29.0,29.790001,28.245325,234900
2020-06-09,28.93,29.190001,27.91,28.440001,26.965324,210900
2020-06-10,28.299999,28.299999,26.719999,26.74,25.353476,187000
2020-06-11,25.719999,26.17,24.08,24.219999,22.964144,209600
2020-06-12,25.33,25.549999,24.379999,25.01,23.713179,242100
2020-06-15,24.0,26.23,23.950001,25.959999,24.613916,319600
2020-06-16,27.07,27.459999,25.780001,26.52,25.14488,246300
2020-06-17,26.469999,26.57,25.25,25.370001,24.054514,246000
2020-06-18,25.059999,26.200001,25.040001,26.09,24.737177,315600
2020-06-19,26.48,26.48,25.389999,25.700001,24.367403,1167800
2020-06-22,25.440001,25.84,25.139999,25.700001,24.367403,306600
2020-06-23,26.08,26.290001,25.07,25.1,23.798512,336300
2020-06-24,24.76,25.059999,23.690001,23.92,22.679697,321800
2020-06-25,23.76,24.629999,23.68,24.58,23.305477,338100
2020-06-26,24.09,24.17,22.15,22.35,21.191107,1529200
2020-06-29,22.77,24.549999,22.549999,24.530001,23.25807,387500
2020-06-30,24.17,24.860001,23.65,24.780001,23.495106,410100
2020-07-01,24.780001,24.92,23.65,23.690001,22.461624,242200
2020-07-02,24.389999,24.719999,23.41,23.51,22.290956,205800
2020-07-06,24.15,24.43,23.42,23.66,22.43318,188900
2020-07-07,23.280001,23.6,22.58,22.610001,21.437624,158800
2020-07-08,22.43,23.08,21.940001,22.469999,21.304882,168000
2020-07-09,22.24,22.309999,21.25,21.360001,20.252438,147300
2020-07-10,21.4,22.549999,21.290001,22.540001,21.371254,147700
2020-07-13,22.879999,23.32,22.07,22.870001,21.684141,169000
2020-07-14,22.84,23.049999,22.24,22.6,21.428144,144000
2020-07-15,23.360001,23.99,23.25,23.860001,22.622808,180400
2020-07-16,23.57,24.16,23.370001,23.75,22.518513,153500
2020-07-17,23.66,23.75,23.23,23.450001,22.234068,438500
2020-07-20,23.25,23.469999,22.610001,22.65,21.475548,155600
2020-07-21,22.969999,23.879999,22.969999,23.709999,22.480585,214600
2020-07-22,23.5,23.73,23.16,23.34,22.129772,136800
2020-07-23,23.450001,24.0,23.040001,23.41,22.196142,298700
2020-07-24,23.200001,24.08,23.200001,23.93,22.689177,287300
2020-07-27,23.66,23.66,22.43,22.879999,21.693623,265800
2020-07-28,22.879999,23.559999,22.76,23.27,22.063402,246500
2020-07-29,23.309999,23.65,22.940001,23.639999,22.414217,175600
2020-07-30,23.18,23.5,22.57,23.459999,22.243547,117000
2020-07-31,23.290001,23.33,22.65,23.120001,21.921181,196300
2020-08-03,23.129999,23.129999,22.52,22.700001,21.522959,179700
2020-08-04,22.620001,22.84,22.49,22.709999,21.532436,182400
2020-08-05,23.040001,23.27,22.719999,23.25,22.044437,252400
2020-08-06,23.110001,23.24,22.879999,23.200001,21.997028,125400
2020-08-07,23.0,24.41,22.870001,24.379999,23.115843,191600
2020-08-10,24.58,25.67,24.540001,25.25,23.940735,201500
2020-08-11,25.15,25.75,23.85,25.41,24.382126,360800
2020-08-12,26.0,26.0,25.15,25.52,24.487675,257000
2020-08-13,25.200001,25.65,24.9,25.200001,24.180622,210000
2020-08-14,24.93,25.65,24.790001,25.65,24.612417,160100
2020-08-17,25.74,25.74,24.99,25.43,24.40132,166900
2020-08-18,25.440001,25.440001,24.18,24.41,23.422579,178400
2020-08-19,24.74,24.959999,24.43,24.57,23.576105,269000
2020-08-20,24.23,24.370001,23.690001,23.75,22.789276,146400
2020-08-21,23.68,23.83,23.110001,23.43,22.48222,136500
2020-08-24,23.66,24.469999,23.299999,24.440001,23.451363,172700
2020-08-25,24.709999,24.82,24.290001,24.74,23.739229,196000
2020-08-26,24.82,24.82,23.719999,24.25,23.269051,213900
2020-08-27,24.309999,24.969999,24.09,24.43,23.441769,262100
2020-08-28,24.76,24.76,24.049999,24.4,23.412981,148400
2020-08-31,24.25,24.35,23.870001,23.92,22.952398,338900
2020-09-01,23.67,24.129999,23.67,23.99,23.019566,265000
2020-09-02,23.969999,24.27,23.809999,24.15,23.173096,175100
2020-09-03,24.290001,25.15,24.15,24.24,23.259453,135000
2020-09-04,24.690001,24.969999,24.43,24.809999,23.806396,166900
2020-09-08,24.58,24.58,23.66,23.77,22.808466,146000
2020-09-09,23.9,23.99,23.27,23.459999,22.511005,172900
2020-09-10,23.73,23.73,22.93,22.98,22.050425,105700
2020-09-11,22.969999,23.299999,22.6,23.23,22.290312,131500
2020-09-14,23.290001,24.040001,23.24,23.9,22.933207,144100
2020-09-15,24.15,24.15,23.66,23.780001,22.818064,166000
2020-09-16,23.77,24.32,23.42,23.959999,22.99078,144000
2020-09-17,23.540001,23.98,23.540001,23.85,22.885231,236200
2020-09-18,24.01,24.049999,23.629999,23.959999,22.99078,485200
2020-09-21,23.309999,23.75,22.27,22.43,21.522673,312400
2020-09-22,22.75,22.82,21.690001,21.950001,21.062086,153100
2020-09-23,22.030001,22.59,21.299999,21.32,20.457573,188800
2020-09-24,21.41,22.33,21.110001,21.92,21.033302,165700
2020-09-25,21.73,22.360001,21.719999,22.34,21.436312,171800
2020-09-28,22.629999,23.379999,22.629999,23.190001,22.251928,134700
2020-09-29,23.23,23.23,22.57,22.98,22.050425,137900
2020-09-30,23.219999,23.5,22.92,23.08,22.146378,159400
2020-10-01,23.09,23.27,22.82,23.25,22.3095,107800
2020-10-02,22.82,24.129999,22.719999,24.01,23.038759,114700
2020-10-05,24.25,25.030001,24.209999,24.940001,23.931139,163700
2020-10-06,25.0,25.969999,24.91,25.030001,24.017496,297400
2020-10-07,25.459999,25.93,23.52,25.59,24.554846,316600
2020-10-08,25.969999,25.99,25.290001,25.83,24.785135,109800
2020-10-09,25.99,26.23,25.5,25.540001,24.506866,87900
2020-10-12,25.5,26.16,25.32,26.110001,25.05381,94500
2020-10-13,25.870001,25.93,24.75,24.879999,23.873564,108900
2020-10-14,24.68,25.540001,24.299999,24.32,23.336218,98700
2020-10-15,23.950001,25.02,23.950001,24.940001,23.931139,110500
2020-10-16,24.870001,25.059999,24.15,24.9,23.892757,147600
2020-10-19,25.17,25.26,24.700001,24.73,23.729631,115200
2020-10-20,25.059999,25.43,24.75,25.059999,24.046284,182600
2020-10-21,25.15,25.51,25.02,25.5,24.468485,122800
2020-10-22,26.389999,27.110001,25.879999,26.780001,25.696709,292300
2020-10-23,26.99,27.190001,25.92,26.1,25.044214,209500
2020-10-26,25.92,26.27,25.610001,26.25,25.188147,278900
2020-10-27,26.200001,26.389999,25.18,25.24,24.219004,218100
2020-10-28,24.68,25.34,24.469999,24.530001,23.537725,124900
2020-10-29,24.309999,25.290001,23.799999,25.120001,24.103859,145400
2020-10-30,25.040001,25.66,25.0,25.35,24.324553,174600
2020-11-02,25.690001,26.200001,25.280001,25.99,24.938662,116500
2020-11-03,26.5,26.709999,26.23,26.530001,25.45682,113300
2020-11-04,25.799999,26.190001,24.639999,24.76,23.758421,180300
2020-11-05,24.809999,25.879999,24.129999,25.629999,24.593225,109800
2020-11-06,26.07,26.07,25.16,25.299999,24.276575,167000
2020-11-09,27.190001,30.0,26.85,29.219999,28.37446,323000
2020-11-10,29.299999,30.469999,28.940001,30.23,29.355232,189300
2020-11-11,30.1,30.1,28.48,28.92,28.083143,145900
2020-11-12,28.68,29.18,27.75,28.190001,27.374268,105600
2020-11-13,28.52,29.219999,28.360001,28.780001,27.947193,84000
2020-11-16,30.0,30.33,29.290001,30.139999,29.267839,209200
2020-11-17,29.530001,30.23,29.17,30.139999,29.267839,127800
2020-11-18,30.5,30.879999,29.690001,29.75,28.889126,138300
2020-11-19,29.42,29.66,28.9,29.530001,28.675493,137300
2020-11-20,29.129999,29.690001,28.76,29.280001,28.432726,115200
2020-11-23,29.73,29.959999,27.57,29.549999,28.69491,146800
2020-11-24,30.0,31.67,29.43,31.51,30.598194,203000
2020-11-25,31.09,31.190001,30.469999,31.09,30.190348,100200
2020-11-27,31.34,31.34,30.23,30.76,29.869898,70400
2020-11-30,30.4,30.559999,29.34,29.459999,28.607515,126500
2020-12-01,30.16,30.280001,29.65,29.950001,29.083338,166900
2020-12-02,29.75,30.540001,29.75,30.34,29.462051,87200
2020-12-03,30.370001,30.700001,30.059999,30.459999,29.578577,61500
2020-12-04,30.969999,31.6,30.540001,31.530001,30.617617,93200
2020-12-07,31.389999,31.59,30.83,31.530001,30.617617,116300
2020-12-08,31.299999,31.9,31.110001,31.84,30.918646,122800
2020-12-09,31.33,31.92,31.33,31.809999,30.889513,137200
2020-12-10,31.41,31.99,31.290001,31.98,31.054596,74800
2020-12-11,31.540001,32.119999,31.469999,31.620001,30.705015,103600
2020-12-14,32.25,32.25,31.43,31.469999,30.559353,171100
2020-12-15,31.77,32.299999,31.57,32.09,31.161411,141500
2020-12-16,32.259998,32.290001,31.9,32.029999,31.103146,122500
2020-12-17,32.380001,32.599998,31.9,32.540001,31.598391,152000
2020-12-18,32.799999,32.950001,31.879999,31.99,31.064304,454200
2020-12-21,31.719999,32.150002,30.75,31.32,30.413694,156300
2020-12-22,31.5,31.559999,30.93,31.01,30.112665,85200
2020-12-23,31.049999,32.220001,31.040001,32.169998,31.239096,69800
2020-12-24,32.299999,32.459999,31.629999,32.200001,31.26823,45200
2020-12-28,32.259998,32.990002,31.690001,32.529999,31.588675,134600
2020-12-29,32.75,32.950001,31.99,32.25,31.316782,122400
2020-12-30,32.310001,32.599998,32.049999,32.18,31.24881,102400
2020-12-31,32.040001,32.5,31.280001,32.189999,31.258518,237400
2021-01-04,32.419998,32.5,31.25,31.709999,30.792406,158000
2021-01-05,31.59,32.549999,31.59,32.130001,31.200254,124000
2021-01-06,33.0,35.220001,32.720001,35.0,33.987206,289300
2021-01-07,35.169998,35.580002,34.790001,35.209999,34.191128,166100
2021-01-08,35.349998,35.349998,34.310001,34.990002,33.977497,199900
2021-01-11,34.419998,35.5,34.419998,35.48,34.453316,89200
2021-01-12,35.5,36.689999,35.5,36.41,35.356407,143500
2021-01-13,36.48,36.68,35.389999,35.810001,34.773769,183700
2021-01-14,36.150002,36.68,36.009998,36.389999,35.336983,204800
2021-01-15,35.689999,36.209999,32.700001,35.619999,34.58926,133800
2021-01-19,35.91,35.91,35.310001,35.5,34.47274,123900
2021-01-20,35.5,35.689999,34.919998,35.43,34.404762,109700
2021-01-21,36.41,36.48,34.549999,34.59,33.589069,107100
2021-01-22,34.220001,35.490002,33.990002,35.400002,34.375633,250600
2021-01-25,36.91,36.91,34.900002,35.720001,34.686371,164000
2021-01-26,35.490002,36.299999,35.130001,35.16,34.142574,152700
2021-01-27,34.25,34.860001,33.380001,33.700001,32.724827,188100
2021-01-28,34.400002,34.580002,33.130001,34.209999,33.220066,157100
2021-01-29,34.580002,34.810001,33.18,33.23,32.268417,165300
2021-02-01,33.200001,33.720001,32.759998,33.540001,32.569454,114100
2021-02-02,34.169998,34.470001,33.650002,34.099998,33.113243,192200
2021-02-03,33.669998,34.169998,33.299999,33.779999,32.802509,122000
2021-02-04,34.279999,35.290001,34.009998,35.189999,34.171707,154100
2021-02-05,35.790001,35.790001,34.959999,35.48,34.453316,112600
2021-02-08,35.970001,36.59,35.560001,36.529999,35.472931,135300
2021-02-09,36.650002,36.91,35.889999,36.900002,35.832226,107400
2021-02-10,36.900002,36.990002,36.380001,36.540001,35.482643,151800
2021-02-11,36.459999,36.830002,35.52,35.82,34.783474,109000
2021-02-12,35.68,36.400002,35.580002,36.060001,35.016537,129700
2021-02-16,36.529999,36.650002,35.720001,36.529999,35.790539,116900
2021-02-17,36.419998,36.849998,36.16,36.450001,35.712162,139100
2021-02-18,36.330002,36.470001,35.77,35.790001,35.065521,93900
2021-02-19,35.98,37.040001,35.98,36.990002,36.24123,124300
2021-02-22,36.810001,37.91,36.73,37.84,37.074024,147800
2021-02-23,37.759998,38.73,37.700001,38.459999,37.681469,194800
2021-02-24,38.75,39.759998,38.41,39.080002,38.288925,248200
2021-02-25,39.220001,39.279999,38.099998,38.119999,37.348354,114100
2021-02-26,37.790001,38.470001,37.23,37.580002,36.81929,213100
2021-03-01,38.400002,38.619999,37.889999,38.459999,37.681469,129800
2021-03-02,38.349998,38.740002,37.720001,38.32,37.544308,183100
2021-03-03,38.549999,40.110001,38.150002,39.09,38.298721,170900
2021-03-04,39.279999,39.77,38.209999,38.740002,37.955807,188200
2021-03-05,39.610001,40.279999,39.02,40.09,39.278481,174800
2021-03-08,40.459999,41.77,40.23,41.549999,40.708923,158900
2021-03-09,41.349998,41.400002,40.060001,40.669998,39.846737,132200
2021-03-10,40.75,42.419998,40.75,42.389999,41.531918,173100
2021-03-11,42.299999,42.860001,41.75,42.75,41.884632,262700
2021-03-12,43.09,44.279999,43.09,43.549999,42.668434,201100
2021-03-15,43.709999,43.709999,42.360001,43.049999,42.178558,223800
2021-03-16,42.310001,43.0,42.279999,42.91,42.041393,178400
2021-03-17,43.07,43.5,42.459999,43.029999,42.158962,164100
2021-03-18,43.259998,44.59,42.93,43.299999,42.4235,236200
2021-03-19,43.009998,44.759998,42.599998,44.599998,43.697178,1009800
2021-03-22,44.0,44.310001,42.419998,42.860001,41.992405,223600
2021-03-23,42.240002,42.720001,41.349998,41.630001,40.787304,290800
2021-03-24,42.150002,43.299999,41.0,41.869999,41.022449,319100
2021-03-25,41.860001,43.400002,41.57,43.080002,42.207954,208900
2021-03-26,43.779999,44.529999,43.27,44.470001,43.569817,202100
2021-03-29,43.68,44.25,42.25,42.389999,41.531918,289000
2021-03-30,42.790001,44.119999,42.57,43.880001,42.991756,156000
2021-03-31,43.91,44.810001,42.700001,43.43,42.550869,207400
2021-04-01,43.279999,43.630001,42.91,43.5,42.61945,161600
2021-04-05,43.950001,44.349998,43.25,43.93,43.040745,149300
2021-04-06,43.610001,44.18,43.09,43.27,42.394108,171300
2021-04-07,43.490002,43.490002,42.669998,42.950001,42.080585,166200
2021-04-08,43.23,43.360001,42.110001,43.209999,42.33532,98400
2021-04-09,43.360001,43.700001,43.119999,43.450001,42.570461,82600
2021-04-12,43.5,43.77,43.330002,43.740002,42.854595,58200
2021-04-13,43.77,43.77,42.740002,42.779999,41.914024,131200
2021-04-14,42.869999,43.849998,42.830002,43.369999,42.492081,104100
2021-04-15,43.610001,43.610001,42.330002,43.209999,42.33532,98500
2021-04-16,43.439999,44.099998,43.310001,43.610001,42.727226,109300
2021-04-19,43.540001,44.23,43.029999,43.450001,42.570461,114300
2021-04-20,43.32,43.349998,41.919998,42.200001,41.345768,190100
2021-04-21,42.52,43.18,41.970001,43.07,42.198154,125700
2021-04-22,43.09,43.099998,42.349998,42.41,41.551514,111600
2021-04-23,42.41,44.709999,42.41,44.389999,43.491436,147300
2021-04-26,44.540001,45.939999,44.540001,44.73,43.824554,166100
2021-04-27,44.73,45.57,44.240002,45.57,44.647549,227800
2021-04-28,45.860001,46.360001,44.419998,44.91,44.000908,131200
2021-04-29,45.57,46.209999,45.299999,45.73,44.80431,139600
2021-04-30,45.23,45.959999,45.139999,45.360001,44.441799,159400
2021-05-03,45.810001,46.849998,45.580002,46.59,45.6469,154400
2021-05-04,46.23,47.16,46.09,47.029999,46.077995,242100
2021-05-05,47.040001,47.18,46.349998,46.970001,46.019211,151700
2021-05-06,47.200001,47.68,46.540001,47.68,46.714836,94600
2021-05-07,47.040001,47.639999,46.48,47.560001,46.597263,145800
2021-05-10,47.849998,48.220001,47.16,47.34,46.381721,141600
2021-05-11,46.240002,47.110001,46.18,46.709999,46.075924,140700
2021-05-12,46.860001,47.330002,45.380001,45.540001,44.92181,111500
2021-05-13,45.419998,47.439999,43.919998,47.330002,46.687511,118400
2021-05-14,47.77,47.990002,46.970001,47.66,47.013027,155800
2021-05-17,47.139999,47.580002,46.529999,47.43,46.786156,142000
2021-05-18,47.259998,47.549999,46.360001,46.380001,45.750404,120800
2021-05-19,45.73,46.349998,45.25,46.16,45.533394,110000
2021-05-20,45.970001,46.57,45.360001,45.889999,45.267056,144100
2021-05-21,46.349998,47.09,46.27,46.869999,46.233753,153500
2021-05-24,47.099998,47.099998,46.290001,46.389999,45.760269,64800
2021-05-25,46.450001,46.880001,45.049999,45.049999,44.438461,196100
2021-05-26,45.169998,45.889999,45.009998,45.810001,45.188145,114400
2021-05-27,46.380001,46.970001,46.130001,46.490002,45.858913,156500
2021-05-28,46.5,46.5,45.490002,46.459999,45.829319,95300
2021-06-01,46.5,47.110001,45.310001,47.080002,46.440907,191500
2021-06-02,47.139999,47.34,46.700001,47.0,46.361988,184700
2021-06-03,46.990002,47.41,46.630001,47.220001,46.579006,102700
2021-06-04,47.290001,47.34,46.740002,47.279999,46.638187,82700
2021-06-07,47.310001,47.52,46.84,47.220001,46.579006,166800
2021-06-08,47.029999,47.630001,46.32,47.240002,46.598736,126500
2021-06-09,46.959999,47.099998,43.880001,46.290001,45.661629,129300
2021-06-10,46.869999,46.869999,45.73,45.759998,45.138821,143800
2021-06-11,46.060001,46.400002,45.57,46.02,45.395294,97400
2021-06-14,46.169998,46.259998,44.709999,45.110001,44.497646,93600
2021-06-15,45.23,46.299999,44.860001,45.84,45.217735,116500
2021-06-16,45.549999,46.599998,45.009998,46.349998,45.720814,109600
2021-06-17,46.599998,46.599998,44.419998,44.57,43.964977,157700
2021-06-18,43.610001,43.740002,41.43,42.610001,42.031586,381200
2021-06-21,43.16,44.860001,43.16,44.470001,43.866337,173100
2021-06-22,44.23,44.790001,43.759998,44.48,43.876198,132400
2021-06-23,44.810001,45.509998,44.52,45.049999,44.438461,201800
2021-06-24,45.09,46.130001,44.990002,46.029999,45.405155,144600
2021-06-25,46.450001,46.810001,45.810001,45.990002,45.3657,805700
2021-06-28,45.66,45.66,44.0,44.099998,43.501358,204000
2021-06-29,43.75,44.709999,43.740002,44.02,43.422443,97300
2021-06-30,43.860001,44.43,43.810001,44.130001,43.530949,118600
2021-07-01,44.52,44.860001,44.080002,44.380001,43.777557,105400
2021-07-02,44.150002,44.150002,43.529999,43.650002,43.057465,75600
2021-07-06,43.400002,43.66,41.900002,42.610001,42.031586,124100
2021-07-07,42.330002,43.25,42.290001,42.759998,42.179543,120700
2021-07-08,42.259998,42.580002,41.459999,42.080002,41.508778,130000
2021-07-09,43.0,43.68,42.630001,43.650002,43.057465,202600
2021-07-12,43.16,43.369999,42.84,43.200001,42.613575,144500
2021-07-13,43.029999,43.360001,42.110001,42.48,41.903347,129100
2021-07-14,42.619999,43.169998,42.299999,42.68,42.100632,111700
2021-07-15,42.299999,43.34,42.009998,43.169998,42.583981,99600
2021-07-16,43.68,43.68,42.259998,42.360001,41.784977,127800
2021-07-19,41.220001,41.740002,40.639999,40.950001,40.394115,175500
2021-07-20,41.0,42.93,41.0,41.869999,41.301628,208000
2021-07-21,42.470001,42.990002,41.209999,42.380001,41.804707,102200
2021-07-22,42.619999,42.619999,39.849998,40.009998,39.466877,139900
2021-07-23,40.310001,40.880001,39.849998,40.360001,39.812126,87400
2021-07-26,40.389999,41.200001,40.389999,40.700001,40.147511,84800
2021-07-27,40.200001,41.25,40.099998,40.790001,40.23629,91900
2021-07-28,41.130001,41.93,40.529999,41.639999,41.074749,126000
2021-07-29,42.169998,42.470001,41.41,42.07,41.498913,118800
2021-07-30,41.950001,42.450001,41.470001,41.59,41.025429,133200
2021-08-02,41.619999,42.5,41.189999,41.209999,40.650585,127400
2021-08-03,41.360001,42.25,40.91,42.0,41.429863,99600
2021-08-04,41.34,42.169998,41.240002,41.82,41.252308,102500
2021-08-05,42.009998,42.599998,41.759998,42.560001,41.982262,139100
2021-08-06,42.869999,44.369999,42.869999,44.060001,43.461903,116900
2021-08-09,44.080002,44.209999,43.490002,43.639999,43.0476,90700
2021-08-10,43.290001,44.259998,43.07,44.200001,43.92207,105900
2021-08-11,44.18,44.68,43.580002,44.57,44.289742,119300
2021-08-12,44.599998,44.669998,44.169998,44.220001,43.941944,117000
2021-08-13,44.23,44.419998,42.68,43.540001,43.26622,155400
2021-08-16,43.48,43.57,42.68,43.389999,43.117161,134000
2021-08-17,43.09,43.310001,42.48,42.889999,42.620304,135400
2021-08-18,42.759998,43.400002,42.330002,42.380001,42.113514,166700
2021-08-19,41.919998,42.330002,40.990002,41.669998,41.407974,168600
2021-08-20,41.509998,42.650002,41.360001,42.490002,42.222824,175500
2021-08-23,42.889999,43.349998,42.709999,43.080002,42.809113,110500
2021-08-24,42.700001,43.389999,42.700001,43.110001,42.838924,92700
2021-08-25,43.240002,43.810001,42.869999,43.470001,43.196659,117200
2021-08-26,43.740002,43.740002,42.68,42.73,42.461311,117000
2021-08-27,42.919998,44.5,42.709999,44.419998,44.140682,150900
2021-08-30,44.619999,44.619999,43.0,43.060001,42.789238,122900
2021-08-31,43.220001,43.759998,42.959999,43.57,43.296028,156600
2021-09-01,43.529999,43.529999,42.709999,43.389999,43.117161,143500
2021-09-02,43.639999,43.849998,43.119999,43.32,43.0476,136100
2021-09-03,43.48,43.509998,42.82,43.029999,42.759422,86300
2021-09-07,43.299999,43.470001,42.830002,42.860001,42.590496,97600
2021-09-08,42.77,42.970001,42.389999,42.709999,42.441437,126500
2021-09-09,42.59,43.18,42.360001,42.57,42.302319,163300
2021-09-10,42.759998,43.0,41.599998,41.610001,41.348354,142200
2021-09-13,42.150002,43.189999,41.82,43.110001,42.838924,250300
2021-09-14,43.099998,43.099998,41.43,41.669998,41.407974,272100
2021-09-15,41.720001,42.830002,41.650002,42.630001,42.361942,204200
2021-09-16,42.599998,43.02,42.18,42.599998,42.332127,171400
2021-09-17,42.630001,43.900002,42.349998,43.830002,43.554398,875800
2021-09-20,42.450001,42.450001,41.209999,41.91,41.646469,223300
2021-09-21,42.290001,42.34,41.720001,41.900002,41.636532,116000
2021-09-22,42.209999,42.52,41.75,41.880001,41.616657,354300
2021-09-23,41.970001,43.599998,41.830002,42.990002,42.719677,376200
2021-09-24,42.75,43.549999,42.75,43.299999,43.027725,192900
2021-09-27,43.599998,45.950001,43.599998,45.509998,45.223827,180400
2021-09-28,45.639999,46.630001,44.990002,45.110001,44.826347,115800
2021-09-29,45.130001,46.240002,43.799999,46.099998,45.81012,132100
2021-09-30,46.380001,46.549999,45.580002,45.82,45.531879,180100
2021-10-01,46.099998,47.139999,45.369999,46.689999,46.396408,156600
2021-10-04,46.75,47.599998,46.75,47.18,46.883331,199600
2021-10-05,46.59,47.73,46.59,47.549999,47.251003,151700
2021-10-06,47.110001,47.25,46.470001,47.139999,46.843582,89300
2021-10-07,47.68,47.799999,47.43,47.630001,47.330502,127700
2021-10-08,47.02,47.98,46.970001,47.599998,47.300686,101300
2021-10-11,47.900002,48.0,47.16,47.169998,46.87339,92100
2021-10-12,46.799999,47.299999,46.639999,47.23,46.933014,91500
2021-10-13,46.799999,47.240002,46.209999,46.93,46.634903,129100
2021-10-14,47.610001,47.610001,46.810001,47.34,47.042324,123400
2021-10-15,47.939999,48.259998,47.25,47.32,47.022449,186600
2021-10-18,47.209999,47.98,46.48,47.48,47.181442,96800
2021-10-19,47.73,47.73,47.169998,47.400002,47.101948,111800
2021-10-20,47.18,48.400002,47.110001,48.400002,48.095661,123200
2021-10-21,48.259998,48.450001,45.049999,47.990002,47.688236,132600
2021-10-22,47.970001,48.91,47.610001,48.630001,48.324215,170400
2021-10-25,48.790001,48.959999,48.0,48.939999,48.632263,146200
2021-10-26,48.810001,49.080002,48.119999,48.16,47.857166,204000
2021-10-27,47.75,48.360001,46.34,46.459999,46.167854,169000
2021-10-28,46.439999,47.560001,46.439999,47.139999,46.843582,126300
2021-10-29,47.139999,47.849998,47.139999,47.459999,47.161568,146600
2021-11-01,47.939999,49.299999,47.18,49.189999,48.880688,233600
2021-11-02,49.25,49.279999,48.09,48.209999,47.906853,160800
2021-11-03,48.0,49.889999,48.0,49.669998,49.35767,166300
2021-11-04,49.68,49.68,48.66,49.220001,48.910503,104100
2021-11-05,49.549999,50.740002,49.220001,50.619999,50.301697,178300
2021-11-08,50.299999,51.189999,50.299999,50.889999,50.57,123900
2021-11-09,50.080002,50.759998,49.299999,50.380001,50.380001,129000
2021-11-10,50.290001,50.91,49.57,50.490002,50.490002,212300
2021-11-11,50.68,50.970001,50.310001,50.439999,50.439999,192700
2021-11-12,50.259998,50.799999,49.709999,50.23,50.23,123200
2021-11-15,50.57,50.68,50.009998,50.310001,50.310001,175100
2021-11-16,50.25,51.09,49.25,50.66,50.66,292000
2021-11-17,50.299999,51.299999,49.759998,50.09,50.09,156400
2021-11-18,50.150002,50.5,49.869999,50.169998,50.169998,163300
2021-11-19,49.509998,50.310001,49.200001,49.950001,49.950001,129600
2021-11-22,50.290001,51.310001,50.139999,50.310001,50.310001,242000
2021-11-23,50.32,51.02,50.32,50.669998,50.669998,184600
2021-11-24,50.279999,50.709999,49.490002,50.09,50.09,176000
2021-11-26,48.450001,49.919998,47.23,47.810001,47.810001,177800
2021-11-29,48.75,48.880001,47.299999,47.48,47.48,165700
2021-11-30,46.830002,47.580002,46.59,46.93,46.93,279500
2021-12-01,48.02,48.740002,47.110001,47.110001,47.110001,252200
2021-12-02,47.59,49.59,47.59,49.330002,49.330002,222100
2021-12-03,49.610001,49.630001,48.029999,48.279999,48.279999,228800
2021-12-06,48.990002,49.889999,48.189999,49.66,49.66,242800
2021-12-07,49.599998,50.25,48.470001,48.779999,48.779999,237900
2021-12-08,48.959999,49.450001,47.919998,48.34,48.34,147600
2021-12-09,47.970001,48.540001,47.5,48.0,48.0,128300
2021-12-10,48.27,48.650002,47.580002,48.560001,48.560001,113500
2021-12-13,48.439999,49.18,47.919998,48.490002,48.490002,357900
2021-12-14,48.540001,50.23,47.790001,48.77,48.77,323100
2021-12-15,49.080002,49.43,48.189999,48.450001,48.450001,342600
2021-12-16,49.09,50.23,47.650002,48.27,48.27,253700
2021-12-17,48.25,48.25,45.810001,46.919998,46.919998,1000700
2021-12-20,46.330002,46.34,44.669998,45.610001,45.610001,195000
2021-12-21,45.91,47.200001,45.91,47.139999,47.139999,158000
2021-12-22,47.060001,47.950001,46.66,47.549999,47.549999,83700
2021-12-23,47.959999,48.130001,46.060001,47.57,47.57,74800
2021-12-27,47.360001,48.130001,47.310001,48.110001,48.110001,120800
2021-12-28,48.0,48.84,47.040001,48.07,48.07,145000
2021-12-29,48.139999,48.75,47.900002,48.09,48.09,133000
2021-12-30,48.02,48.599998,47.98,48.07,48.07,95500
2021-12-31,47.860001,48.32,47.529999,48.080002,48.080002,88100
2022-01-03,48.380001,49.5,48.169998,48.84,48.84,155100
2022-01-04,49.07,50.25,48.939999,49.630001,49.630001,153800
2022-01-05,49.869999,50.049999,48.939999,49.040001,49.040001,124300
2022-01-06,49.66,51.0,48.490002,50.790001,50.790001,146500
2022-01-07,50.799999,51.279999,49.889999,51.0,51.0,91300
2022-01-10,51.279999,51.279999,49.959999,50.599998,50.599998,204200
2022-01-11,50.830002,51.139999,50.009998,50.939999,50.939999,131900
2022-01-12,51.029999,51.450001,50.209999,50.57,50.57,133300
2022-01-13,50.779999,52.040001,50.360001,51.290001,51.290001,121500
2022-01-14,50.759998,51.689999,50.400002,51.619999,51.619999,98000
2022-01-18,51.34,51.779999,50.779999,50.880001,50.880001,134400
2022-01-19,51.02,51.02,49.369999,49.369999,49.369999,127600
2022-01-20,48.02,49.77,47.040001,47.119999,47.119999,149200
2022-01-21,46.900002,49.02,46.900002,47.299999,47.299999,224400
2022-01-24,46.5,48.48,46.139999,48.220001,48.220001,266700
2022-01-25,47.93,48.650002,46.790001,48.040001,48.040001,181200
2022-01-26,48.700001,49.09,46.77,47.669998,47.669998,125300
2022-01-27,48.43,48.75,46.669998,46.799999,46.799999,140900
2022-01-28,46.98,47.139999,45.619999,46.830002,46.830002,188100
2022-01-31,46.439999,47.439999,46.25,47.310001,47.310001,161000
2022-02-01,47.099998,47.869999,46.32,47.720001,47.720001,128120
